Data zaladunku;Miejsce zaladunku;Data operacji;Dostawca;Typ operacji;Nr WZ;Czy magazynowane;Deklaracja/KZR;Volumen;Jednostka miary;Cena zakupu/produkcji;Wartosc;Cena sprzedazy;Produkt;Rodzaj zrebki;Rabanie (kto);Koszt rabania;Przewoznik;Nr rejestracyjny;Odleglosc km;Stawka zl/km;Koszt transportu;Odbiorca;Miejsce pochodzenia;Uwagi;Utworzyl;Data dodania wpisu;ID operacji;ID powiazania;Status
2026-07-06;;2026-07-06;Lander Agro;PRODUKCJA;PZ/1;TAK;Deklaracja;86.5;MP;0.0;0.0;0.0;Zrębka Produkcyjna Leśna;;własne;10.0;;;0.0;0.0;0.0;Magazyn Zabrze;Myszków;Automatyczna produkcja z zakupionego surowca;;2026-07-09 07:18:05;OP-MIGR-00001;;AKTYWNY
2026-07-06;;2026-07-06;Lander Agro;ZAKUP;PZ/1;NIE;Deklaracja;86.5;MP;78.0;6747.0;0.0;Drewno opałowe z lasu;;własne;10.0;;;0.0;0.0;0.0;Magazyn Zabrze;Myszków;;Roesner Mateusz;2026-07-09 07:18:05;OP-MIGR-00003;;AKTYWNY
2026-07-06;;2026-07-06;Lander Agro;ZUŻYCIE;PZ/1;NIE;Deklaracja;86.5;MP;0.0;0.0;0.0;Drewno opałowe z lasu;;własne;10.0;;;0.0;0.0;0.0;Magazyn Zabrze;Myszków;Automatyczne zużycie surowca;;2026-07-09 07:18:05;OP-MIGR-00008;;AKTYWNY
2026-07-06;Myszków;2026-07-06;Magazyn Zabrze;ZAKUP;PZ/1;TAK;Deklaracja;86.5;MP;70.0;6747.0;0.0;Zrębka Produkcyjna Leśna;B;;0.0;własny (Wilczak);SK 7J884;110.0;5.0;550.0;Magazyn Zabrze;Myszków;;Roesner Mateusz;2026-07-09 07:22:13;OP-MIGR-00004;;AKTYWNY
2026-07-06;;2026-07-06;Lander Agro;PRODUKCJA;PZ/2;TAK;Deklaracja;82.0;MP;0.0;0.0;0.0;Zrębka Produkcyjna Leśna;;własne;10.0;;;0.0;0.0;0.0;Magazyn Zabrze;Myszków;Automatyczna produkcja z zakupionego surowca;;2026-07-09 07:26:26;OP-MIGR-00002;;AKTYWNY
2026-07-06;;2026-07-06;Lander Agro;ZAKUP;PZ/2;NIE;Deklaracja;82.0;MP;78.0;6396.0;0.0;Drewno opałowe z lasu;;własne;10.0;;;0.0;0.0;0.0;Magazyn Zabrze;Myszków;;Roesner Mateusz;2026-07-09 07:26:26;OP-MIGR-00005;;AKTYWNY
2026-07-06;;2026-07-06;Lander Agro;ZUŻYCIE;PZ/2;NIE;Deklaracja;82.0;MP;0.0;0.0;0.0;Drewno opałowe z lasu;;własne;10.0;;;0.0;0.0;0.0;Magazyn Zabrze;Myszków;Automatyczne zużycie surowca;;2026-07-09 07:26:26;OP-MIGR-00009;;AKTYWNY
2026-07-06;Myszków;2026-07-06;Magazyn Zabrze;ZAKUP;PZ/2;TAK;Deklaracja;82.0;MP;70.0;6396.0;0.0;Zrębka Produkcyjna Leśna;B;;0.0;własny (Wiór);SK 7H433;110.0;6.0;660.0;Magazyn Zabrze;Myszków;;Roesner Mateusz;2026-07-09 07:28:38;OP-MIGR-00006;;AKTYWNY
2026-07-06;;2026-07-06;Lander Agro;ZAKUP;PZ/1/D;TAK;KZR;29.5;M3;230.0;6785.0;0.0;Drewno opałowe z lasu;;;0.0;;;0.0;0.0;0.0;Magazyn Zabrze;;;Roesner Mateusz;2026-07-10 09:57:28;OP-MIGR-00007;;AKTYWNY
2026-07-07;;2026-07-07;Lander Agro;PRODUKCJA;PZ/3;TAK;Deklaracja;88.0;MP;0.0;0.0;0.0;Zrębka Produkcyjna Leśna;;własne;10.0;;;0.0;0.0;0.0;Magazyn Zabrze;Myszków;Automatyczna produkcja z zakupionego surowca;;2026-07-09 07:32:50;OP-MIGR-00010;;AKTYWNY
2026-07-07;;2026-07-07;Lander Agro;ZAKUP;PZ/3;NIE;Deklaracja;88.0;MP;78.0;6864.0;0.0;Drewno opałowe z lasu;;własne;10.0;;;0.0;0.0;0.0;Magazyn Zabrze;Myszków;;Roesner Mateusz;2026-07-09 07:32:50;OP-MIGR-00015;;AKTYWNY
2026-07-07;;2026-07-07;Lander Agro;ZUŻYCIE;PZ/3;NIE;Deklaracja;88.0;MP;0.0;0.0;0.0;Drewno opałowe z lasu;;własne;10.0;;;0.0;0.0;0.0;Magazyn Zabrze;Myszków;Automatyczne zużycie surowca;;2026-07-09 07:32:50;OP-MIGR-00026;;AKTYWNY
2026-07-07;Myszków;2026-07-07;Magazyn Zabrze;ZAKUP;PZ/3;TAK;Deklaracja;88.0;MP;70.0;6864.0;0.0;Zrębka Produkcyjna Leśna;B;;0.0;własny (Wilczak);SK 7J884;110.0;5.0;550.0;Magazyn Zabrze;Myszków;;Roesner Mateusz;2026-07-09 07:34:20;OP-MIGR-00016;;AKTYWNY
2026-07-07;;2026-07-07;Lander Agro;ZAKUP;PZ/4;NIE;Deklaracja;84.0;MP;78.0;6552.0;0.0;Drewno opałowe z lasu;;własne;10.0;;;0.0;0.0;0.0;Magazyn Zabrze;Myszków;;Roesner Mateusz;2026-07-09 07:39:19;OP-MIGR-00017;;AKTYWNY
2026-07-07;;2026-07-07;Lander Agro;PRODUKCJA;PZ/4;TAK;Deklaracja;84.0;MP;0.0;0.0;0.0;Zrębka Produkcyjna Leśna;;własne;10.0;;;0.0;0.0;0.0;Magazyn Zabrze;Myszków;Automatyczna produkcja z zakupionego surowca;;2026-07-09 07:39:20;OP-MIGR-00011;;AKTYWNY
2026-07-07;;2026-07-07;Lander Agro;ZUŻYCIE;PZ/4;NIE;Deklaracja;21.0;M3;0.0;0.0;0.0;Drewno opałowe z lasu;;własne;10.0;;;0.0;0.0;0.0;Magazyn Zabrze;Myszków;Automatyczne zużycie surowca;;2026-07-09 07:39:20;OP-MIGR-00027;;AKTYWNY
2026-07-07;Myszków;2026-07-07;Magazyn Zabrze;ZAKUP;PZ/4;TAK;Deklaracja;63.0;MP;70.0;4914.0;0.0;Zrębka Produkcyjna Leśna;B;;0.0;własny (Wiór);SK 7H433;110.0;6.0;660.0;Magazyn Zabrze;Myszków;;Roesner Mateusz;2026-07-09 07:44:23;OP-MIGR-00018;;AKTYWNY
2026-07-07;;2026-07-07;Lander Agro;PRODUKCJA;PZ/5;TAK;Deklaracja;88.0;MP;0.0;0.0;0.0;Zrębka Produkcyjna Leśna;;własne;10.0;;;0.0;0.0;0.0;Magazyn Zabrze;Myszków;Automatyczna produkcja z zakupionego surowca;;2026-07-09 07:52:29;OP-MIGR-00012;;AKTYWNY
2026-07-07;;2026-07-07;Lander Agro;ZAKUP;PZ/5;NIE;Deklaracja;88.0;MP;78.0;6864.0;0.0;Drewno opałowe z lasu;;własne;10.0;;;0.0;0.0;0.0;Magazyn Zabrze;Myszków;;Roesner Mateusz;2026-07-09 07:52:29;OP-MIGR-00019;;AKTYWNY
2026-07-07;;2026-07-07;Lander Agro;ZUŻYCIE;PZ/5;NIE;Deklaracja;88.0;MP;0.0;0.0;0.0;Drewno opałowe z lasu;;własne;10.0;;;0.0;0.0;0.0;Magazyn Zabrze;Myszków;Automatyczne zużycie surowca;;2026-07-09 07:52:29;OP-MIGR-00028;;AKTYWNY
2026-07-07;Myszków;2026-07-07;Magazyn Zabrze;ZAKUP;PZ/5;TAK;Deklaracja;88.0;MP;70.0;6864.0;0.0;Zrębka Produkcyjna Leśna;B;;0.0;własny (Kretek);SK 7J885;110.0;5.0;550.0;Magazyn Zabrze;Myszków;;Roesner Mateusz;2026-07-09 07:53:58;OP-MIGR-00020;;AKTYWNY
2026-07-07;;2026-07-07;Lander Agro;PRODUKCJA;PZ/6;TAK;Deklaracja;88.0;MP;0.0;0.0;0.0;Zrębka Produkcyjna Leśna;;własne;10.0;;;0.0;0.0;0.0;Magazyn Zabrze;Myszków;Automatyczna produkcja z zakupionego surowca;;2026-07-09 07:59:01;OP-MIGR-00013;;AKTYWNY
2026-07-07;;2026-07-07;Lander Agro;ZAKUP;PZ/6;NIE;Deklaracja;88.0;MP;78.0;6864.0;0.0;Drewno opałowe z lasu;;własne;10.0;;;0.0;0.0;0.0;Magazyn Zabrze;Myszków;;Roesner Mateusz;2026-07-09 07:59:01;OP-MIGR-00021;;AKTYWNY
2026-07-07;;2026-07-07;Lander Agro;ZUŻYCIE;PZ/6;NIE;Deklaracja;88.0;MP;0.0;0.0;0.0;Drewno opałowe z lasu;;własne;10.0;;;0.0;0.0;0.0;Magazyn Zabrze;Myszków;Automatyczne zużycie surowca;;2026-07-09 07:59:01;OP-MIGR-00029;;AKTYWNY
2026-07-07;Myszków;2026-07-07;Magazyn Zabrze;ZAKUP;PZ/6;TAK;Deklaracja;88.0;MP;70.0;6864.0;0.0;Zrębka Produkcyjna Leśna;B;;0.0;Nowatrans;WND 3546F;110.0;5.0;550.0;Magazyn Zabrze;Myszków;;Roesner Mateusz;2026-07-09 08:01:01;OP-MIGR-00022;;AKTYWNY
2026-07-07;;2026-07-07;Lander Agro;PRODUKCJA;PZ/7;TAK;Deklaracja;88.0;MP;0.0;0.0;0.0;Zrębka Produkcyjna Leśna;;własne;10.0;;;0.0;0.0;0.0;Magazyn Zabrze;Myszków;Automatyczna produkcja z zakupionego surowca;;2026-07-09 08:04:14;OP-MIGR-00014;;AKTYWNY
2026-07-07;;2026-07-07;Lander Agro;ZAKUP;PZ/7;NIE;Deklaracja;88.0;MP;78.0;6864.0;0.0;Drewno opałowe z lasu;;własne;10.0;;;0.0;0.0;0.0;Magazyn Zabrze;Myszków;;Roesner Mateusz;2026-07-09 08:04:14;OP-MIGR-00023;;AKTYWNY
2026-07-07;;2026-07-07;Lander Agro;ZUŻYCIE;PZ/7;NIE;Deklaracja;88.0;MP;0.0;0.0;0.0;Drewno opałowe z lasu;;własne;10.0;;;0.0;0.0;0.0;Magazyn Zabrze;Myszków;Automatyczne zużycie surowca;;2026-07-09 08:04:14;OP-MIGR-00030;;AKTYWNY
2026-07-07;Myszków;2026-07-07;Magazyn Zabrze;ZAKUP;PZ/7;TAK;Deklaracja;88.0;MP;70.0;6864.0;0.0;Zrębka Produkcyjna Leśna;B;;0.0;własny (Kretek);SK 7J885;110.0;5.0;550.0;Magazyn Zabrze;Myszków;;Roesner Mateusz;2026-07-09 08:05:51;OP-MIGR-00024;;AKTYWNY
2026-07-07;;2026-07-07;Drewnex;ZAKUP;PZ/8;TAK;KZR;26.36;TON;265.0;6985.4;0.0;Zrębka towar;;;0.0;;;0.0;0.0;0.0;Magazyn Zabrze;;;Roesner Mateusz;2026-07-13 12:43:50;OP-MIGR-00025;;AKTYWNY
2026-07-08;Magazyn Pyskowice;2026-07-08;Magazyn Pyskowice;MM;MM-1;TAK;;86.0;MP;0.0;0.0;0.0;Zrębka Produkcyjna Leśna;B;;0.0;własny (Wilczak);SK 7J884;40.0;5.0;200.0;Magazyn Zabrze;Magazyn Pyskowice;;Roesner Mateusz;2026-07-09 00:44:36;OP-MIGR-00031;;AKTYWNY
2026-07-08;Magazyn Pyskowice;2026-07-08;Magazyn Pyskowice;MM;MM-2;TAK;;88.0;MP;0.0;0.0;0.0;Zrębka Produkcyjna Leśna;B;;0.0;własny (Kretek);SK 7J885;40.0;5.0;200.0;Magazyn Zabrze;Magazyn Pyskowice;;Roesner Mateusz;2026-07-09 00:47:34;OP-MIGR-00032;;AKTYWNY
2026-07-08;Magazyn Pyskowice;2026-07-08;Magazyn Pyskowice;MM;MM-3;TAK;;86.0;MP;0.0;0.0;0.0;Zrębka Produkcyjna Leśna;B;;0.0;własny (Wilczak);SK 7J884;40.0;5.0;200.0;Magazyn Zabrze;Magazyn Pyskowice;;Roesner Mateusz;2026-07-09 00:55:17;OP-MIGR-00033;;AKTYWNY
2026-07-08;Magazyn Pyskowice;2026-07-08;Magazyn Pyskowice;MM;MM-4;TAK;;88.0;MP;0.0;0.0;0.0;Zrębka Produkcyjna Leśna;B;;0.0;własny (Kretek);SK 7J885;40.0;5.0;200.0;Magazyn Zabrze;Magazyn Pyskowice;;Roesner Mateusz;2026-07-09 00:57:54;OP-MIGR-00034;;AKTYWNY
2026-07-08;;2026-07-08;Lander Agro;ZAKUP;PZ/2/D;TAK;KZR;28.12;M3;230.0;6467.6;0.0;Drewno opałowe z lasu;;;0.0;;;0.0;0.0;0.0;Magazyn Zabrze;;;Roesner Mateusz;2026-07-10 09:58:59;OP-MIGR-00037;;AKTYWNY
2026-07-08;;2026-07-08;Lander Agro;ZAKUP;PZ/3/D;TAK;KZR;30.66;M3;230.0;7051.8;0.0;Drewno opałowe z lasu;;;0.0;;;0.0;0.0;0.0;Magazyn Zabrze;;;Roesner Mateusz;2026-07-10 10:02:22;OP-MIGR-00038;;AKTYWNY
2026-07-08;Magazyn Pyskowice;2026-07-08;Magazyn Pyskowice;MM;MM-5;TAK;;61.0;MP;0.0;0.0;0.0;Zrębka Produkcyjna Leśna;;;0.0;własny (Wiór);SK 7H433;40.0;6.0;240.0;Magazyn Zabrze;Magazyn Pyskowice;;Roesner Mateusz;2026-07-10 11:02:35;OP-MIGR-00035;;AKTYWNY
2026-07-08;Magazyn Pyskowice;2026-07-08;Magazyn Pyskowice;MM;MM-6;TAK;;25.0;M3;0.0;0.0;0.0;Drewno opałowe z lasu;;;0.0;własny (Wiór);SK 7H433;40.0;6.0;240.0;Magazyn Zabrze;Magazyn Pyskowice;;Roesner Mateusz;2026-07-10 11:06:01;OP-MIGR-00036;;AKTYWNY
2026-07-08;;2026-07-08;Walber;ZAKUP;PZ/9;TAK;KZR;24.64;TON;275.0;6776.0;0.0;Zrębka towar;B;;0.0;;;0.0;0.0;0.0;Magazyn Zabrze;;;Roesner Mateusz;2026-07-14 10:22:23;OP-MIGR-00039;;AKTYWNY
2026-07-08;;2026-07-08;Walber;ZAKUP;PZ/10;TAK;KZR;24.64;TON;275.0;6776.0;0.0;Zrębka towar;B;;0.0;;;0.0;0.0;0.0;Magazyn Zabrze;;;Roesner Mateusz;2026-07-14 10:23:59;OP-MIGR-00040;;AKTYWNY
2026-07-09;Magazyn Pyskowice;2026-07-09;Magazyn Pyskowice;MM;MM-7;TAK;;86.0;MP;0.0;0.0;0.0;Zrębka Produkcyjna Leśna;B;;0.0;własny (Wilczak);SK 7J884;40.0;5.0;200.0;Magazyn Zabrze;Magazyn Pyskowice;;Roesner Mateusz;2026-07-09 11:30:10;OP-MIGR-00041;;AKTYWNY
2026-07-09;Magazyn Pyskowice;2026-07-09;Magazyn Pyskowice;MM;MM-8;TAK;;84.0;MP;0.0;0.0;0.0;Zrębka Produkcyjna Leśna;B;;0.0;własny (Kretek);SK 7J885;40.0;5.0;200.0;Magazyn Zabrze;Magazyn Pyskowice;;Roesner Mateusz;2026-07-09 11:33:34;OP-MIGR-00042;;AKTYWNY
2026-07-09;Magazyn Pyskowice;2026-07-09;Magazyn Pyskowice;MM;MM-9;TAK;;61.48;MP;0.0;0.0;0.0;Zrębka Produkcyjna Leśna;B;;0.0;własny (Wiór);SK 7H433;40.0;6.0;240.0;Magazyn Zabrze;Magazyn Pyskowice;;Roesner Mateusz;2026-07-09 13:45:03;OP-MIGR-00043;;AKTYWNY
2026-07-09;Magazyn Pyskowice;2026-07-09;Magazyn Pyskowice;MM;MM-10;TAK;;69.0;MP;0.0;0.0;0.0;Zrębka Produkcyjna Leśna;B;;0.0;własny (Wiór);SK 7H433;40.0;6.0;240.0;Magazyn Zabrze;Magazyn Pyskowice;;Roesner Mateusz;2026-07-10 11:09:51;OP-MIGR-00044;;AKTYWNY
2026-07-09;Magazyn Pyskowice;2026-07-09;Magazyn Pyskowice;MM;MM-11;TAK;;84.0;MP;0.0;0.0;0.0;Zrębka Produkcyjna Leśna;B;;0.0;własny (Kretek);SK 7J885;40.0;5.0;200.0;Magazyn Zabrze;Magazyn Pyskowice;;Roesner Mateusz;2026-07-10 11:11:24;OP-MIGR-00045;;AKTYWNY
2026-07-09;Magazyn Pyskowice;2026-07-09;Magazyn Pyskowice;MM;MM-12;TAK;;86.0;MP;0.0;0.0;0.0;Zrębka Produkcyjna Leśna;B;;0.0;własny (Wilczak);SK 7J884;40.0;5.0;200.0;Magazyn Zabrze;Magazyn Pyskowice;;Roesner Mateusz;2026-07-10 11:12:30;OP-MIGR-00046;;AKTYWNY
2026-07-09;;2026-07-09;Walber;ZAKUP;PZ/11;TAK;KZR;25.54;TON;275.0;7023.5;0.0;Zrębka towar;B;;0.0;;;0.0;0.0;0.0;Magazyn Zabrze;;;Roesner Mateusz;2026-07-14 10:27:29;OP-MIGR-00047;;AKTYWNY
2026-07-09;;2026-07-09;Walber;ZAKUP;PZ/12;TAK;KZR;24.08;MP;275.0;6622.0;0.0;Zrębka towar;B;;0.0;;;0.0;0.0;0.0;Magazyn Zabrze;;;Roesner Mateusz;2026-07-14 10:28:40;OP-MIGR-00048;;AKTYWNY
2026-07-10;Magazyn Pyskowice;2026-07-10;Magazyn Pyskowice;MM;MM-13;TAK;;84.0;MP;0.0;0.0;0.0;Zrębka Produkcyjna Leśna;B;;0.0;własny (Kretek);SK 7J885;40.0;5.0;200.0;Magazyn Zabrze;Magazyn Pyskowice;;Roesner Mateusz;2026-07-10 10:04:15;OP-MIGR-00049;;AKTYWNY
2026-07-10;Magazyn Pyskowice;2026-07-10;Magazyn Pyskowice;MM;MM-14;TAK;;85.0;MP;0.0;0.0;0.0;Zrębka Produkcyjna Leśna;B;;0.0;własny (Wilczak);SK 7J884;40.0;5.0;200.0;Magazyn Zabrze;Magazyn Pyskowice;;Roesner Mateusz;2026-07-10 10:05:21;OP-MIGR-00050;;AKTYWNY
2026-07-10;Magazyn Pyskowice;2026-07-10;Magazyn Pyskowice;MM;MM-15;TAK;;67.0;MP;0.0;0.0;0.0;Zrębka Produkcyjna Leśna;B;;0.0;własny (Wiór);SK 7H433;40.0;6.0;240.0;Magazyn Zabrze;Magazyn Pyskowice;;Roesner Mateusz;2026-07-10 10:19:03;OP-MIGR-00051;;AKTYWNY
2026-07-10;;2026-07-10;Lander Agro;ZAKUP;PZ/4/D;TAK;KZR;27.02;M3;230.0;6214.6;0.0;Drewno opałowe z lasu;;;0.0;;;0.0;0.0;0.0;Magazyn Zabrze;;;Roesner Mateusz;2026-07-10 10:42:29;OP-MIGR-00055;;AKTYWNY
2026-07-10;Magazyn Pyskowice;2026-07-10;Magazyn Pyskowice;MM;MM-16;TAK;;87.0;MP;0.0;0.0;0.0;Zrębka Produkcyjna Leśna;B;;0.0;własny (Wilczak);SK 7J884;40.0;5.0;200.0;Magazyn Zabrze;Magazyn Pyskowice;;Roesner Mateusz;2026-07-13 08:36:20;OP-MIGR-00052;;AKTYWNY
2026-07-10;Magazyn Pyskowice;2026-07-10;Magazyn Pyskowice;MM;MM-17;TAK;;87.0;MP;0.0;0.0;0.0;Zrębka Produkcyjna Leśna;B;;0.0;własny (Kretek);SK 7J885;40.0;5.0;200.0;Magazyn Zabrze;Magazyn Pyskowice;;Roesner Mateusz;2026-07-13 08:37:38;OP-MIGR-00053;;AKTYWNY
2026-07-10;Magazyn Pyskowice;2026-07-10;Magazyn Pyskowice;MM;MM-18;TAK;;70.0;MP;0.0;0.0;0.0;Zrębka Produkcyjna Leśna;B;;0.0;własny (Wiór);SK 7H433;40.0;6.0;240.0;Magazyn Zabrze;Magazyn Pyskowice;;Roesner Mateusz;2026-07-13 08:38:39;OP-MIGR-00054;;AKTYWNY
2026-07-10;;2026-07-10;Drewnex;ZAKUP;PZ/13;TAK;KZR;28.06;TON;265.0;7435.9;0.0;Zrębka towar;;;0.0;;;0.0;0.0;0.0;Magazyn Zabrze;;;Roesner Mateusz;2026-07-13 12:41:00;OP-MIGR-00056;;AKTYWNY
2026-07-10;;2026-07-10;Walber;ZAKUP;PZ/14;TAK;KZR;24.04;TON;275.0;6611.0;0.0;Zrębka towar;B;;0.0;;;0.0;0.0;0.0;Magazyn Zabrze;;;Roesner Mateusz;2026-07-14 10:30:19;OP-MIGR-00057;;AKTYWNY
2026-07-10;;2026-07-10;Walber;ZAKUP;PZ/15;TAK;KZR;23.88;TON;275.0;6567.0;0.0;Zrębka towar;B;;0.0;;;0.0;0.0;0.0;Magazyn Zabrze;;;Roesner Mateusz;2026-07-14 10:31:04;OP-MIGR-00058;;AKTYWNY
2026-07-13;Magazyn Pyskowice;2026-07-13;Magazyn Pyskowice;MM;MM-19;TAK;;88.0;MP;0.0;0.0;0.0;Zrębka Produkcyjna Leśna;B;;0.0;własny (Wilczak);SK 7J884;40.0;5.0;200.0;Magazyn Zabrze;Magazyn Pyskowice;;Roesner Mateusz;2026-07-13 08:43:56;OP-MIGR-00059;;AKTYWNY
2026-07-13;Magazyn Pyskowice;2026-07-13;Magazyn Pyskowice;MM;MM-20;TAK;;75.6;MP;0.0;0.0;0.0;Zrębka Produkcyjna Leśna;B;;0.0;własny (Wiór);SK 7H433;40.0;6.0;240.0;Magazyn Zabrze;Magazyn Pyskowice;;Roesner Mateusz;2026-07-13 08:45:55;OP-MIGR-00060;;AKTYWNY
2026-07-13;Magazyn Pyskowice;2026-07-13;Magazyn Pyskowice;MM;MM-21;TAK;;76.2;MP;0.0;0.0;0.0;Zrębka Produkcyjna Leśna;B;;0.0;własny (Wiór);SK 7H433;40.0;6.0;240.0;Magazyn Zabrze;Magazyn Pyskowice;;Roesner Mateusz;2026-07-13 12:24:36;OP-MIGR-00061;;AKTYWNY
2026-07-13;;2026-07-13;Lander Agro;ZAKUP;PZ/5/D;TAK;KZR;26.69;M3;230.0;6138.7;0.0;Drewno opałowe z lasu;;;0.0;;;0.0;0.0;0.0;Magazyn Zabrze;;;Roesner Mateusz;2026-07-13 12:26:54;OP-MIGR-00062;;AKTYWNY
2026-07-14;Magazyn Pyskowice;2026-07-14;Magazyn Pyskowice;MM;MM-22;TAK;;87.0;MP;0.0;0.0;0.0;Zrębka Produkcyjna Leśna;B;;0.0;własny (Wilczak);SK 7J884;40.0;5.0;200.0;Magazyn Zabrze;Magazyn Pyskowice;;Roesner Mateusz;2026-07-14 07:52:46;OP-MIGR-00063;;AKTYWNY
2026-07-14;Magazyn Pyskowice;2026-07-14;Magazyn Pyskowice;MM;MM-23;TAK;;87.02;MP;0.0;0.0;0.0;Zrębka Produkcyjna Leśna;B;;0.0;własny (Wilczak);SK 7J884;40.0;5.0;200.0;Magazyn Zabrze;Magazyn Pyskowice;;Roesner Mateusz;2026-07-14 10:14:28;OP-MIGR-00064;;AKTYWNY
2026-07-14;Magazyn Pyskowice;2026-07-14;Magazyn Pyskowice;MM;MM-24;TAK;;86.0;MP;0.0;0.0;0.0;Zrębka Produkcyjna Leśna;B;;0.0;własny (Wilczak);SK 7J884;40.0;5.0;200.0;Magazyn Zabrze;Magazyn Pyskowice;;Roesner Mateusz;2026-07-15 07:54:07;OP-MIGR-00065;;AKTYWNY
2026-07-15;Magazyn Pyskowice;2026-07-15;Magazyn Pyskowice;MM;MM-25;TAK;;88.0;MP;0.0;0.0;0.0;Zrębka Produkcyjna Leśna;B;;0.0;własny (Wilczak);SK 7J884;40.0;5.0;200.0;Magazyn Zabrze;Magazyn Pyskowice;;Roesner Mateusz;2026-07-15 07:56:26;OP-MIGR-00066;;AKTYWNY
2026-07-15;Magazyn Pyskowice;2026-07-15;Magazyn Pyskowice;MM;MM-26;TAK;;87.0;MP;0.0;0.0;0.0;Zrębka Produkcyjna Leśna;B;;0.0;własny (Chrzan);SK 7J885;40.0;5.0;200.0;Magazyn Zabrze;Magazyn Pyskowice;;Roesner Mateusz;2026-07-15 07:57:31;OP-MIGR-00067;;AKTYWNY
2026-07-15;Magazyn Pyskowice;2026-07-15;Magazyn Pyskowice;MM;MM-27;TAK;;87.0;MP;0.0;0.0;0.0;Zrębka Produkcyjna Leśna;B;;0.0;własny (Wilczak);SK 7J884;40.0;5.0;200.0;Magazyn Zabrze;Magazyn Pyskowice;;Roesner Mateusz;2026-07-15 11:18:17;OP-MIGR-00068;;AKTYWNY
2026-07-15;Magazyn Pyskowice;2026-07-15;Magazyn Pyskowice;MM;MM-28;TAK;;85.0;MP;0.0;0.0;0.0;Zrębka Produkcyjna Leśna;B;;0.0;własny (Chrzan);SK 7J885;40.0;5.0;200.0;Magazyn Zabrze;Magazyn Pyskowice;;Roesner Mateusz;2026-07-15 11:19:07;OP-MIGR-00069;;AKTYWNY
2026-07-15;Magazyn Pyskowice;2026-07-15;Magazyn Pyskowice;MM;MM-29;TAK;;90.0;MP;0.0;0.0;0.0;Zrębka Produkcyjna Leśna;B;;0.0;własny (Wilczak);SK 7J884;40.0;5.0;200.0;Magazyn Zabrze;Magazyn Pyskowice;;Roesner Mateusz;2026-07-15 13:10:27;OP-MIGR-00070;;AKTYWNY
2026-07-15;Magazyn Pyskowice;2026-07-15;Magazyn Pyskowice;MM;MM-30;TAK;;87.0;MP;0.0;0.0;0.0;Zrębka Produkcyjna Leśna;B;;0.0;własny (Chrzan);SK 7J885;40.0;5.0;200.0;Magazyn Zabrze;Magazyn Pyskowice;;Roesner Mateusz;2026-07-15 13:11:31;OP-MIGR-00071;;AKTYWNY
2026-07-15;;2026-07-15;Drewnex;ZAKUP;PZ/16;TAK;KZR;28.06;TON;265.0;7435.9;0.0;Zrębka towar;;;0.0;;;0.0;0.0;0.0;Magazyn Zabrze;;Tartaczna;Roesner Mateusz;2026-07-21 10:20:40;OP-MIGR-00072;;AKTYWNY
2026-07-16;Magazyn Pyskowice;2026-07-16;Magazyn Pyskowice;MM;MM-31;TAK;;85.0;MP;0.0;0.0;0.0;Zrębka Produkcyjna Leśna;B;;0.0;Nowatrans;ST 9995P;40.0;15.0;600.0;Magazyn Zabrze;Magazyn Pyskowice;;Roesner Mateusz;2026-07-16 10:49:17;OP-MIGR-00073;;AKTYWNY
2026-07-16;Magazyn Pyskowice;2026-07-16;Magazyn Pyskowice;MM;MM-32;TAK;;87.0;MP;0.0;0.0;0.0;Zrębka Produkcyjna Leśna;B;;0.0;Nowatrans;ST 9995P;40.0;15.0;600.0;Magazyn Zabrze;Magazyn Pyskowice;;Roesner Mateusz;2026-07-16 10:50:09;OP-MIGR-00074;;AKTYWNY
2026-07-16;Magazyn Pyskowice;2026-07-16;Magazyn Pyskowice;MM;MM-33;TAK;;76.0;MP;0.0;0.0;0.0;Zrębka Produkcyjna Leśna;B;;0.0;własny (Wiór);SK 7H433;40.0;6.0;240.0;Magazyn Zabrze;Magazyn Pyskowice;;Roesner Mateusz;2026-07-16 10:51:11;OP-MIGR-00075;;AKTYWNY
2026-07-16;;2026-07-16;Lander Agro;ZAKUP;PZ/6/D;TAK;KZR;28.98;M3;230.0;6665.4;0.0;Drewno opałowe z lasu;;;0.0;;;0.0;0.0;0.0;Magazyn Zabrze;;;Roesner Mateusz;2026-07-16 11:14:22;OP-MIGR-00078;;AKTYWNY
2026-07-16;;2026-07-16;Lander Agro;ZAKUP;PZ/7/D;TAK;KZR;28.49;M3;230.0;6552.7;0.0;Drewno opałowe z lasu;;;0.0;;;0.0;0.0;0.0;Magazyn Zabrze;;Waga: 22,880t;Roesner Mateusz;2026-07-16 11:15:27;OP-MIGR-00079;;AKTYWNY
2026-07-16;;2026-07-16;Lander Agro;ZAKUP;PZ/8/D;TAK;KZR;32.06;M3;230.0;7373.8;0.0;Drewno opałowe z lasu;;;0.0;;;0.0;0.0;0.0;Magazyn Zabrze;;Waga: 23,300t;Roesner Mateusz;2026-07-16 13:14:29;OP-MIGR-00080;;AKTYWNY
2026-07-16;Magazyn Pyskowice;2026-07-16;Magazyn Pyskowice;MM;MM-34;TAK;;71.0;MP;0.0;0.0;0.0;Zrębka Produkcyjna Leśna;B;;0.0;własny (Wiór);SK 7H433;40.0;6.0;240.0;Magazyn Zabrze;Magazyn Pyskowice;;Roesner Mateusz;2026-07-17 08:54:22;OP-MIGR-00076;;AKTYWNY
2026-07-16;Magazyn Pyskowice;2026-07-16;Magazyn Pyskowice;MM;MM-35;TAK;;88.0;MP;0.0;0.0;0.0;Zrębka Produkcyjna Leśna;B;;0.0;Nowatrans;ST 9995P;40.0;15.0;600.0;Magazyn Zabrze;Magazyn Pyskowice;;Roesner Mateusz;2026-07-17 08:59:09;OP-MIGR-00077;;AKTYWNY
2026-07-16;;2026-07-16;Lander Agro;ZAKUP;PZ/9/D;TAK;KZR;27.06;M3;230.0;6223.8;0.0;Drewno opałowe z lasu;;;0.0;;;0.0;0.0;0.0;Magazyn Zabrze;;Waga: 24,120t;Roesner Mateusz;2026-07-21 10:11:26;OP-MIGR-00081;;AKTYWNY
2026-07-16;Gdańsk;2026-07-16;Port Północny Gdańsk;ZAKUP;PZ/1/ŁN;TAK;KZR;1055.0;TON;0.0;0.0;0.0;Łupiny nerkowca;;;0.0;DB Cargo;;0.0;0.0;0.0;Magazyn Zabrze;;;Roesner Mateusz;2026-07-28 07:15:12;OP-MIGR-00082;;AKTYWNY
2026-07-17;Magazyn Pyskowice;2026-07-17;Magazyn Pyskowice;MM;MM-36;TAK;;80.0;MP;0.0;0.0;0.0;Zrębka Produkcyjna Leśna;B;;0.0;własny (Wilczak);SK 7J884;40.0;5.0;200.0;Magazyn Zabrze;Magazyn Pyskowice;;Roesner Mateusz;2026-07-17 09:03:55;OP-MIGR-00083;;AKTYWNY
2026-07-17;Magazyn Pyskowice;2026-07-17;Magazyn Pyskowice;MM;MM-37;TAK;;84.0;MP;0.0;0.0;0.0;Zrębka Produkcyjna Leśna;B;;0.0;własny (Chrzan);SK 7J885;40.0;5.0;200.0;Magazyn Zabrze;Magazyn Pyskowice;;Roesner Mateusz;2026-07-17 09:05:31;OP-MIGR-00084;;AKTYWNY
2026-07-17;Magazyn Pyskowice;2026-07-17;Magazyn Pyskowice;MM;MM-38;TAK;;62.19;MP;0.0;0.0;0.0;Zrębka Produkcyjna Leśna;B;;0.0;własny (Wiór);SK 7H433;40.0;6.0;240.0;Magazyn Zabrze;Magazyn Pyskowice;;Roesner Mateusz;2026-07-17 09:06:49;OP-MIGR-00085;;AKTYWNY
2026-07-17;Magazyn Pyskowice;2026-07-17;Magazyn Pyskowice;MM;MM-39;TAK;;85.0;MP;0.0;0.0;0.0;Zrębka Produkcyjna Leśna;B;;0.0;Nowatrans;SZ 2503U;40.0;15.0;600.0;Magazyn Zabrze;Magazyn Pyskowice;;Roesner Mateusz;2026-07-17 09:14:00;OP-MIGR-00086;;AKTYWNY
2026-07-17;Magazyn Pyskowice;2026-07-17;Magazyn Pyskowice;MM;MM-40;TAK;;87.0;MP;0.0;0.0;0.0;Zrębka Produkcyjna Leśna;B;;0.0;Nowatrans;SZ 2503U;40.0;15.0;600.0;Magazyn Zabrze;Magazyn Pyskowice;;Roesner Mateusz;2026-07-17 10:51:56;OP-MIGR-00087;;AKTYWNY
2026-07-17;Magazyn Pyskowice;2026-07-17;Magazyn Pyskowice;MM;MM-41;TAK;;86.0;MP;0.0;0.0;0.0;Zrębka Produkcyjna Leśna;B;;0.0;Nowatrans;SZ 2503U;40.0;15.0;600.0;Magazyn Zabrze;Magazyn Pyskowice;;Roesner Mateusz;2026-07-21 09:51:32;OP-MIGR-00088;;AKTYWNY
2026-07-17;Magazyn Pyskowice;2026-07-17;Magazyn Pyskowice;MM;MM-42;TAK;;65.0;MP;0.0;0.0;0.0;Zrębka Produkcyjna Leśna;B;;0.0;własny (Wiór);SK 7H433;40.0;6.0;240.0;Magazyn Zabrze;Magazyn Pyskowice;;Roesner Mateusz;2026-07-21 10:03:51;OP-MIGR-00089;;AKTYWNY
2026-07-17;;2026-07-17;Lander Agro;ZAKUP;PZ/10/D;TAK;KZR;30.0;M3;230.0;6900.0;0.0;Drewno opałowe z lasu;;;0.0;;;0.0;0.0;0.0;Magazyn Zabrze;;Waga: 24,740t;Roesner Mateusz;2026-07-21 10:08:09;OP-MIGR-00090;;AKTYWNY
2026-07-17;;2026-07-17;Lander Agro;ZAKUP;PZ/11/D;TAK;KZR;29.9;M3;230.0;6877.0;0.0;Drewno opałowe z lasu;;;0.0;;;0.0;0.0;0.0;Magazyn Zabrze;;Waga b/d;Roesner Mateusz;2026-07-22 11:34:19;OP-MIGR-00091;;AKTYWNY
2026-07-20;;2026-07-20;Lander Agro;ZAKUP;PZ/12/D;TAK;KZR;28.57;M3;230.0;6571.1;0.0;Drewno opałowe z lasu;;;0.0;;;0.0;0.0;0.0;Magazyn Zabrze;;Waga 22,380t;Roesner Mateusz;2026-07-21 09:33:22;OP-MIGR-00092;;AKTYWNY
2026-07-20;;2026-07-20;Lander Agro;ZAKUP;PZ/13/D;TAK;KZR;28.86;M3;230.0;6637.8;0.0;Drewno opałowe z lasu;;;0.0;;;0.0;0.0;0.0;Magazyn Zabrze;;Waga 22,360t;Roesner Mateusz;2026-07-21 09:39:22;OP-MIGR-00093;;AKTYWNY
2026-07-20;;2026-07-20;Drewnex;ZAKUP;PZ/17;TAK;KZR;30.5;TON;265.0;8082.5;0.0;Zrębka towar;B;;0.0;;;0.0;0.0;0.0;Magazyn Zabrze;;90 MP / Tartaczna;Roesner Mateusz;2026-07-21 09:43:16;OP-MIGR-00094;;AKTYWNY
2026-07-20;;2026-07-20;Marcin Jamrozik;ZAKUP;PZ/18, PZ/19;NIE;KZR;178.0;MP;50.0;9000.0;0.0;Drewno przemysłowe z wycinek inwest.;B;;0.0;;;0.0;0.0;0.0;Magazyn Zabrze;;;Roesner Mateusz;2026-07-21 10:55:42;OP-MIGR-00095;;AKTYWNY
2026-07-20;;2026-07-20;Magazyn Zabrze;PRODUKCJA;PZ/18;TAK;KZR;89.0;MP;0.0;0.0;0.0;Zrębka Produkcyjna Inwestycyjna;B;własne;10.0;;;0.0;0.0;0.0;Magazyn Zabrze;;;Roesner Mateusz;2026-07-21 11:00:12;OP-MIGR-00096;;AKTYWNY
2026-07-20;;2026-07-20;Magazyn Zabrze;ZUŻYCIE;PZ/18;TAK;KZR;89.0;MP;0.0;0.0;0.0;Zrębka Produkcyjna Inwestycyjna;B;własne;10.0;;;0.0;0.0;0.0;Magazyn Zabrze;;Automatyczne zużycie surowca do produkcji;;2026-07-21 11:00:13;OP-MIGR-00097;;AKTYWNY
2026-07-20;Koniecpol;2026-07-20;Magazyn Zabrze;ZAKUP;PZ/18;TAK;KZR;89.0;MP;0.0;0.0;0.0;Zrębka Produkcyjna Inwestycyjna;B;;0.0;własny (Wilczak);SK 7J884;120.0;5.0;600.0;Magazyn Zabrze;;;Roesner Mateusz;2026-07-21 17:31:32;OP-MIGR-00098;;AKTYWNY
2026-07-20;;2026-07-20;Magazyn Zabrze;PRODUKCJA;PZ/19;TAK;KZR;89.0;MP;0.0;0.0;0.0;Zrębka Produkcyjna Inwestycyjna;B;własne;10.0;;;0.0;0.0;0.0;Magazyn Zabrze;;;Roesner Mateusz;2026-07-21 22:26:48;OP-MIGR-00099;;AKTYWNY
2026-07-20;;2026-07-20;Magazyn Zabrze;ZUŻYCIE;PZ/19;TAK;KZR;89.0;MP;0.0;0.0;0.0;Zrębka Produkcyjna Inwestycyjna;B;własne;10.0;;;0.0;0.0;0.0;Magazyn Zabrze;;Automatyczne zużycie surowca do produkcji;;2026-07-21 22:26:48;OP-MIGR-00100;;AKTYWNY
2026-07-20;Koniecpol;2026-07-20;Magazyn Zabrze;ZAKUP;PZ/19;TAK;KZR;89.0;MP;0.0;0.0;0.0;Zrębka Produkcyjna Inwestycyjna;B;;0.0;własny (Kretek);SK 7J885;120.0;5.0;600.0;Magazyn Zabrze;;;Roesner Mateusz;2026-07-21 22:29:03;OP-MIGR-00101;;AKTYWNY
2026-07-21;Magazyn Pyskowice;2026-07-21;Magazyn Pyskowice;MM;MM-43;TAK;;89.98;MP;0.0;0.0;0.0;Zrębka Produkcyjna Leśna;B;;0.0;Nowatrans;WND 3546F;40.0;15.0;600.0;Magazyn Zabrze;Magazyn Pyskowice;;Roesner Mateusz;2026-07-21 09:27:49;OP-MIGR-00102;;AKTYWNY
2026-07-21;Magazyn Pyskowice;2026-07-21;Magazyn Pyskowice;MM;MM-44;TAK;;55.44;MP;0.0;0.0;0.0;Zrębka Produkcyjna Leśna;B;;0.0;własny (Wiór);SK 7H433;40.0;6.0;240.0;Magazyn Zabrze;Magazyn Pyskowice;;Roesner Mateusz;2026-07-21 09:28:42;OP-MIGR-00103;;AKTYWNY
2026-07-21;Magazyn Pyskowice;2026-07-21;Magazyn Pyskowice;MM;MM-45;TAK;;86.0;MP;0.0;0.0;0.0;Zrębka Produkcyjna Leśna;B;;0.0;Nowatrans;WND 3546F;40.0;15.0;600.0;Magazyn Zabrze;Magazyn Pyskowice;;Roesner Mateusz;2026-07-21 11:43:07;OP-MIGR-00104;;AKTYWNY
2026-07-21;Magazyn Pyskowice;2026-07-21;Magazyn Pyskowice;MM;MM-46;TAK;;58.0;MP;0.0;0.0;0.0;Zrębka Produkcyjna Leśna;B;;0.0;własny (Wiór);SK 7H433;40.0;6.0;240.0;Magazyn Zabrze;Magazyn Pyskowice;;Roesner Mateusz;2026-07-21 12:32:11;OP-MIGR-00105;;AKTYWNY
2026-07-21;;2026-07-21;Drewnex;ZAKUP;PZ/20;TAK;KZR;27.42;TON;265.0;7266.3;0.0;Zrębka towar;B;;0.0;;;0.0;0.0;0.0;Magazyn Zabrze;;Tartaczna;Roesner Mateusz;2026-07-21 12:38:55;OP-MIGR-00106;;AKTYWNY
2026-07-21;;2026-07-21;Fioskip Adam Skipioł;ZAKUP;PZ/21;TAK;KZR;80.0;MP;40.0;3200.0;0.0;Drewno przemysłowe z wycinek inwest.;B;;0.0;;;0.0;0.0;0.0;Magazyn Zabrze;;;Roesner Mateusz;2026-07-21 22:38:28;OP-MIGR-00107;;AKTYWNY
2026-07-21;;2026-07-21;Magazyn Zabrze;PRODUKCJA;PZ/21;TAK;KZR;80.0;MP;0.0;0.0;0.0;Zrębka Produkcyjna Inwestycyjna;B;własne;10.0;;;0.0;0.0;0.0;Magazyn Zabrze;;;Roesner Mateusz;2026-07-21 22:40:15;OP-MIGR-00108;;AKTYWNY
2026-07-21;;2026-07-21;Magazyn Zabrze;ZUŻYCIE;PZ/21;TAK;KZR;80.0;MP;0.0;0.0;0.0;Zrębka Produkcyjna Inwestycyjna;B;własne;10.0;;;0.0;0.0;0.0;Magazyn Zabrze;;Automatyczne zużycie surowca do produkcji;;2026-07-21 22:40:15;OP-MIGR-00109;;AKTYWNY
2026-07-21;Pszczyna;2026-07-21;Magazyn Zabrze;ZAKUP;PZ/21;TAK;KZR;80.0;MP;0.0;0.0;0.0;Zrębka Produkcyjna Inwestycyjna;B;;0.0;własny (Kretek);SK 7J885;140.0;5.0;700.0;Magazyn Zabrze;;;Roesner Mateusz;2026-07-21 22:43:41;OP-MIGR-00110;;AKTYWNY
2026-07-21;Gdańsk;2026-07-21;Port Północny Gdańsk;ZAKUP;PZ/2/ŁN;TAK;KZR;1095.5;TON;0.0;0.0;0.0;Łupiny nerkowca;;;0.0;DB Cargo;;0.0;0.0;0.0;Magazyn Zabrze;;42 Wagony;Roesner Mateusz;2026-07-28 07:17:58;OP-MIGR-00111;;AKTYWNY
2026-07-21;;2026-07-21;Fioskip Adam Skipioł;ZAKUP;PZ/22;TAK;KZR;80.0;MP;40.0;3200.0;0.0;Drewno przemysłowe z wycinek inwest.;B;;0.0;;;0.0;0.0;0.0;Magazyn Zabrze;;;Roesner Mateusz;2026-07-30 14:44:25;OP-MIGR-00112;;AKTYWNY
2026-07-21;;2026-07-21;Magazyn Zabrze;PRODUKCJA;PZ/22;TAK;KZR;80.0;MP;0.0;0.0;0.0;Zrębka Produkcyjna Inwestycyjna;B;własne;10.0;;;0.0;0.0;0.0;Magazyn Zabrze;;;Roesner Mateusz;2026-07-30 14:49:27;OP-MIGR-00113;;AKTYWNY
2026-07-21;;2026-07-21;Magazyn Zabrze;ZUŻYCIE;PZ/22;TAK;KZR;80.0;MP;0.0;0.0;0.0;Zrębka Produkcyjna Inwestycyjna;B;własne;10.0;;;0.0;0.0;0.0;Magazyn Zabrze;;Automatyczne zużycie surowca do produkcji;;2026-07-30 14:49:27;OP-MIGR-00114;;AKTYWNY
2026-07-21;Pszczyna;2026-07-21;Magazyn Zabrze;ZAKUP;PZ/22;TAK;KZR;80.0;MP;0.0;0.0;0.0;Zrębka Produkcyjna Inwestycyjna;B;;0.0;własny (Kretek);SK 7J885;140.0;5.0;700.0;Magazyn Zabrze;;;Roesner Mateusz;2026-07-30 14:54:48;OP-MIGR-00115;;AKTYWNY
2026-07-21;;2026-07-21;Fioskip Adam Skipioł;ZAKUP;PZ/23;TAK;KZR;80.0;MP;40.0;3200.0;0.0;Drewno przemysłowe z wycinek inwest.;B;;0.0;;;0.0;0.0;0.0;Magazyn Zabrze;;;Roesner Mateusz;2026-07-30 14:56:29;OP-MIGR-00116;;AKTYWNY
2026-07-21;;2026-07-21;Magazyn Zabrze;PRODUKCJA;PZ/23;TAK;KZR;80.0;MP;0.0;0.0;0.0;Zrębka Produkcyjna Inwestycyjna;B;własne;10.0;;;0.0;0.0;0.0;Magazyn Zabrze;;;Roesner Mateusz;2026-07-30 14:57:06;OP-MIGR-00117;;AKTYWNY
2026-07-21;;2026-07-21;Magazyn Zabrze;ZUŻYCIE;PZ/23;TAK;KZR;80.0;MP;0.0;0.0;0.0;Zrębka Produkcyjna Inwestycyjna;B;własne;10.0;;;0.0;0.0;0.0;Magazyn Zabrze;;Automatyczne zużycie surowca do produkcji;;2026-07-30 14:57:06;OP-MIGR-00118;;AKTYWNY
2026-07-21;Pszczyna;2026-07-21;Magazyn Zabrze;ZAKUP;PZ/23;TAK;KZR;80.0;MP;0.0;0.0;0.0;Zrębka Produkcyjna Inwestycyjna;;;0.0;własny (Wilczak);SK 7J884;140.0;5.0;700.0;Magazyn Zabrze;;;Roesner Mateusz;2026-07-30 14:58:53;OP-MIGR-00119;;AKTYWNY
2026-07-22;Magazyn Pyskowice;2026-07-22;Magazyn Pyskowice;MM;MM-47;TAK;;69.72;MP;0.0;0.0;0.0;Zrębka Produkcyjna Leśna;B;;0.0;własny (Wiór);SK 7H433;40.0;6.0;240.0;Magazyn Zabrze;Magazyn Pyskowice;;Roesner Mateusz;2026-07-22 10:55:03;OP-MIGR-00120;;AKTYWNY
2026-07-22;Magazyn Pyskowice;2026-07-22;Magazyn Pyskowice;MM;MM-48;TAK;;88.0;MP;0.0;0.0;0.0;Zrębka Produkcyjna Leśna;B;;0.0;Nowatrans;WND 3546F;40.0;15.0;600.0;Magazyn Zabrze;Magazyn Pyskowice;;Roesner Mateusz;2026-07-22 10:56:19;OP-MIGR-00121;;AKTYWNY
2026-07-22;;2026-07-22;Lander Agro;ZAKUP;PZ/14/D;TAK;KZR;29.02;M3;230.0;6674.6;0.0;Drewno opałowe z lasu;;;0.0;;;0.0;0.0;0.0;Magazyn Zabrze;;Waga 23,560t;Roesner Mateusz;2026-07-22 11:00:25;OP-MIGR-00122;;AKTYWNY
2026-07-22;;2026-07-22;Lander Agro;ZAKUP;PZ/15/D;TAK;KZR;29.03;M3;230.0;6676.9;0.0;Drewno opałowe z lasu;;;0.0;;;0.0;0.0;0.0;Magazyn Zabrze;;Waga b/d;Roesner Mateusz;2026-07-22 11:07:44;OP-MIGR-00123;;AKTYWNY
2026-07-22;;2026-07-22;NDL Chrzanów, Leśnictwo Szczakowa;ZAKUP;PZ/24  11/202624975/6098;NIE;Deklaracja;20.03;M3;141.0;2824.23;0.0;Drewno opałowe z lasu;B;;0.0;;;0.0;0.0;0.0;Magazyn Zabrze;;;Roesner Mateusz;2026-07-22 11:43:36;OP-MIGR-00124;;AKTYWNY
2026-07-22;;2026-07-22;NDL Chrzanów, Leśnictwo Szczakowa;PRODUKCJA;PZ/24;NIE;Deklaracja;80.12;MP;0.0;0.0;0.0;Zrębka Produkcyjna Leśna;B;własne;10.0;;;0.0;0.0;0.0;Magazyn Zabrze;;;Roesner Mateusz;2026-07-22 11:48:00;OP-MIGR-00125;;AKTYWNY
2026-07-22;;2026-07-22;NDL Chrzanów, Leśnictwo Szczakowa;ZUŻYCIE;PZ/24;NIE;Deklaracja;80.12;MP;0.0;0.0;0.0;Zrębka Produkcyjna Leśna;B;własne;10.0;;;0.0;0.0;0.0;Magazyn Zabrze;;Automatyczne zużycie surowca do produkcji;;2026-07-22 11:48:00;OP-MIGR-00126;;AKTYWNY
2026-07-22;Jaworzno;2026-07-22;Magazyn Zabrze;ZAKUP;PZ/24;TAK;Deklaracja;80.12;MP;0.0;0.0;0.0;Zrębka Produkcyjna Leśna;B;;0.0;własny (Wilczak);SK 7J884;122.0;5.0;610.0;Magazyn Zabrze;;;Roesner Mateusz;2026-07-22 11:50:48;OP-MIGR-00127;;AKTYWNY
2026-07-22;;2026-07-22;Lander Agro;ZAKUP;PZ/16/D;TAK;KZR;15.56;M3;230.0;3578.8;0.0;Drewno opałowe z lasu;;;0.0;;;0.0;0.0;0.0;Magazyn Zabrze;;Waga b/d;Roesner Mateusz;2026-07-22 11:52:35;OP-MIGR-00128;;AKTYWNY
2026-07-22;Magazyn Pyskowice;2026-07-22;Magazyn Pyskowice;MM;MM-49;TAK;;88.67;MP;0.0;0.0;0.0;Zrębka Produkcyjna Leśna;B;;0.0;Nowatrans;WND 3546F;40.0;15.0;600.0;Magazyn Zabrze;Magazyn Pyskowice;;Roesner Mateusz;2026-07-22 12:56:10;OP-MIGR-00129;;AKTYWNY
2026-07-22;Magazyn Pyskowice;2026-07-22;Magazyn Pyskowice;MM;MM-50;TAK;;70.0;MP;0.0;0.0;0.0;Zrębka Produkcyjna Leśna;B;;0.0;własny (Wiór);SK 7H433;40.0;6.0;240.0;Magazyn Zabrze;Magazyn Pyskowice;;Roesner Mateusz;2026-07-22 13:30:09;OP-MIGR-00130;;AKTYWNY
2026-07-22;;2026-07-22;NDL Chrzanów, Leśnictwo Szczakowa;ZAKUP;PZ/25  11/202624975/6100;NIE;Deklaracja;20.03;M3;141.0;2824.23;0.0;Drewno opałowe z lasu;B;;0.0;;;0.0;0.0;0.0;Magazyn Zabrze;;;Roesner Mateusz;2026-07-22 13:35:29;OP-MIGR-00131;;AKTYWNY
2026-07-22;;2026-07-22;NDL Chrzanów, Leśnictwo Szczakowa;PRODUKCJA;PZ/25;NIE;Deklaracja;80.12;MP;0.0;0.0;0.0;Zrębka Produkcyjna Leśna;B;własne;10.0;;;0.0;0.0;0.0;Magazyn Zabrze;;;Roesner Mateusz;2026-07-22 13:36:48;OP-MIGR-00132;;AKTYWNY
2026-07-22;;2026-07-22;NDL Chrzanów, Leśnictwo Szczakowa;ZUŻYCIE;PZ/25;NIE;Deklaracja;80.12;MP;0.0;0.0;0.0;Zrębka Produkcyjna Leśna;B;własne;10.0;;;0.0;0.0;0.0;Magazyn Zabrze;;Automatyczne zużycie surowca do produkcji;;2026-07-22 13:36:48;OP-MIGR-00133;;AKTYWNY
2026-07-22;Jaworzno;2026-07-22;Magazyn Zabrze;ZAKUP;PZ/25;TAK;Deklaracja;80.12;MP;0.0;0.0;0.0;Zrębka Produkcyjna Leśna;B;;0.0;własny (Kretek);SK 7J885;122.0;5.0;610.0;Magazyn Zabrze;;;Roesner Mateusz;2026-07-22 13:38:18;OP-MIGR-00134;;AKTYWNY
2026-07-22;;2026-07-22;NDL Chrzanów, Leśnictwo Szczakowa;ZAKUP;PZ/26  11/202624975/6101;NIE;Deklaracja;20.03;M3;141.0;2824.23;0.0;Drewno opałowe z lasu;;;0.0;;;0.0;0.0;0.0;Magazyn Zabrze;;;Roesner Mateusz;2026-07-23 08:24:01;OP-MIGR-00135;;AKTYWNY
2026-07-22;;2026-07-22;NDL Chrzanów, Leśnictwo Szczakowa;PRODUKCJA;PZ/26;NIE;Deklaracja;80.12;MP;0.0;0.0;0.0;Zrębka Produkcyjna Leśna;B;własne;10.0;;;0.0;0.0;0.0;Magazyn Zabrze;;;Roesner Mateusz;2026-07-23 08:25:21;OP-MIGR-00136;;AKTYWNY
2026-07-22;;2026-07-22;NDL Chrzanów, Leśnictwo Szczakowa;ZUŻYCIE;PZ/26;NIE;Deklaracja;80.12;MP;0.0;0.0;0.0;Zrębka Produkcyjna Leśna;B;własne;10.0;;;0.0;0.0;0.0;Magazyn Zabrze;;Automatyczne zużycie surowca do produkcji;;2026-07-23 08:25:22;OP-MIGR-00137;;AKTYWNY
2026-07-22;Jaworzno;2026-07-22;Magazyn Zabrze;ZAKUP;PZ/26;TAK;Deklaracja;80.12;MP;0.0;0.0;0.0;Zrębka Produkcyjna Leśna;B;;0.0;własny (Wilczak);SK 7J884;122.0;5.0;610.0;Magazyn Zabrze;;;Roesner Mateusz;2026-07-23 08:27:03;OP-MIGR-00138;;AKTYWNY
2026-07-22;;2026-07-22;NDL Chrzanów, Leśnictwo Szczakowa;ZAKUP;PZ/27  11/202624975/6103;NIE;Deklaracja;20.03;M3;141.0;2824.23;0.0;Drewno opałowe z lasu;;;0.0;;;0.0;0.0;0.0;Magazyn Zabrze;;;Roesner Mateusz;2026-07-23 08:28:44;OP-MIGR-00139;;AKTYWNY
2026-07-22;;2026-07-22;NDL Chrzanów, Leśnictwo Szczakowa;PRODUKCJA;PZ/27;NIE;Deklaracja;80.12;MP;0.0;0.0;0.0;Zrębka Produkcyjna Leśna;B;własne;10.0;;;0.0;0.0;0.0;Magazyn Zabrze;;;Roesner Mateusz;2026-07-23 08:30:17;OP-MIGR-00140;;AKTYWNY
2026-07-22;;2026-07-22;NDL Chrzanów, Leśnictwo Szczakowa;ZUŻYCIE;PZ/27;NIE;Deklaracja;80.12;MP;0.0;0.0;0.0;Zrębka Produkcyjna Leśna;B;własne;10.0;;;0.0;0.0;0.0;Magazyn Zabrze;;Automatyczne zużycie surowca do produkcji;;2026-07-23 08:30:17;OP-MIGR-00141;;AKTYWNY
2026-07-22;Jaworzno;2026-07-22;Magazyn Zabrze;ZAKUP;PZ/27;TAK;Deklaracja;80.12;MP;0.0;0.0;0.0;Zrębka Produkcyjna Leśna;B;;0.0;własny (Kretek);SK 7J885;610.0;0.2;122.0;Magazyn Zabrze;;;Roesner Mateusz;2026-07-23 08:31:36;OP-MIGR-00142;;AKTYWNY
2026-07-22;;2026-07-22;NDL Chrzanów, Leśnictwo Szczakowa;ZAKUP;PZ/28  11/202624975/6099;NIE;Deklaracja;20.03;M3;141.0;2824.23;0.0;Drewno opałowe z lasu;;;0.0;;;0.0;0.0;0.0;Magazyn Zabrze;;;Roesner Mateusz;2026-07-23 08:39:05;OP-MIGR-00143;;AKTYWNY
2026-07-22;;2026-07-22;NDL Chrzanów, Leśnictwo Szczakowa;PRODUKCJA;PZ/28;NIE;Deklaracja;80.12;MP;0.0;0.0;0.0;Zrębka Produkcyjna Leśna;B;własne;10.0;;;0.0;0.0;0.0;Magazyn Zabrze;;;Roesner Mateusz;2026-07-23 08:40:07;OP-MIGR-00144;;AKTYWNY
2026-07-22;;2026-07-22;NDL Chrzanów, Leśnictwo Szczakowa;ZUŻYCIE;PZ/28;NIE;Deklaracja;80.12;MP;0.0;0.0;0.0;Zrębka Produkcyjna Leśna;B;własne;10.0;;;0.0;0.0;0.0;Magazyn Zabrze;;Automatyczne zużycie surowca do produkcji;;2026-07-23 08:40:07;OP-MIGR-00145;;AKTYWNY
2026-07-22;Jaworzno;2026-07-22;Magazyn Zabrze;ZAKUP;PZ/28;TAK;Deklaracja;80.12;MP;0.0;0.0;0.0;Zrębka Produkcyjna Leśna;B;;0.0;Nowatrans;ST 9995P;122.0;6.56;800.0;Magazyn Zabrze;;;Roesner Mateusz;2026-07-23 08:42:11;OP-MIGR-00146;;AKTYWNY
2026-07-22;;2026-07-22;NDL Chrzanów, Leśnictwo Szczakowa;ZAKUP;PZ/29  11/202624975/6102;NIE;Deklaracja;20.03;M3;141.0;2824.23;0.0;Drewno opałowe z lasu;;;0.0;;;0.0;0.0;0.0;Magazyn Zabrze;;;Roesner Mateusz;2026-07-23 08:43:20;OP-MIGR-00147;;AKTYWNY
2026-07-22;;2026-07-22;NDL Chrzanów, Leśnictwo Szczakowa;PRODUKCJA;PZ/29;NIE;Deklaracja;80.12;MP;0.0;0.0;0.0;Zrębka Produkcyjna Leśna;B;własne;10.0;;;0.0;0.0;0.0;Magazyn Zabrze;;;Roesner Mateusz;2026-07-23 08:44:25;OP-MIGR-00148;;AKTYWNY
2026-07-22;;2026-07-22;NDL Chrzanów, Leśnictwo Szczakowa;ZUŻYCIE;PZ/29;NIE;Deklaracja;80.12;MP;0.0;0.0;0.0;Zrębka Produkcyjna Leśna;B;własne;10.0;;;0.0;0.0;0.0;Magazyn Zabrze;;Automatyczne zużycie surowca do produkcji;;2026-07-23 08:44:25;OP-MIGR-00149;;AKTYWNY
2026-07-22;Jaworzno;2026-07-22;Magazyn Zabrze;ZAKUP;PZ/29;TAK;Deklaracja;80.12;MP;0.0;0.0;0.0;Zrębka Produkcyjna Leśna;B;;0.0;Nowatrans;ST 9995P;122.0;6.56;800.0;Magazyn Zabrze;;;Roesner Mateusz;2026-07-23 08:45:36;OP-MIGR-00150;;AKTYWNY
2026-07-22;;2026-07-22;Lander Agro;ZAKUP;PZ/17/D;TAK;KZR;15.56;M3;230.0;3578.8;0.0;Drewno opałowe z lasu;;;0.0;;;0.0;0.0;0.0;Magazyn Zabrze;;Waga b/d;Roesner Mateusz;2026-07-23 08:54:58;OP-MIGR-00151;;AKTYWNY
2026-07-23;;2026-07-23;Lander Agro;ZAKUP;PZ/18/D;TAK;KZR;15.3;M3;230.0;3519.0;0.0;Drewno opałowe z lasu;;;0.0;;;0.0;0.0;0.0;Magazyn Zabrze;;Waga b/d;Roesner Mateusz;2026-07-26 20:09:30;OP-MIGR-00152;;AKTYWNY
2026-07-23;;2026-07-23;Lander Agro;ZAKUP;PZ/19/D;TAK;KZR;15.08;M3;230.0;3468.4;0.0;Drewno opałowe z lasu;;;0.0;;;0.0;0.0;0.0;Magazyn Zabrze;;Waga b/d;Roesner Mateusz;2026-07-26 20:10:35;OP-MIGR-00153;;AKTYWNY
2026-07-23;;2026-07-23;Lander Agro;ZAKUP;PZ/20/D;TAK;KZR;28.99;M3;230.0;6667.7;0.0;Drewno opałowe z lasu;;;0.0;;;0.0;0.0;0.0;Magazyn Zabrze;;Waga b/d;Roesner Mateusz;2026-07-26 20:11:42;OP-MIGR-00154;;AKTYWNY
2026-07-23;;2026-07-23;Lander Agro;ZAKUP;PZ/21/D;TAK;KZR;28.01;M3;230.0;6442.3;0.0;Drewno opałowe z lasu;;;0.0;;;0.0;0.0;0.0;Magazyn Zabrze;;Waga b/d;Roesner Mateusz;2026-07-27 17:45:09;OP-MIGR-00155;;AKTYWNY
2026-07-23;;2026-07-23;Lander Agro;ZAKUP;PZ/22/D;TAK;KZR;29.99;M3;230.0;6897.7;0.0;Drewno opałowe z lasu;;;0.0;;;0.0;0.0;0.0;Magazyn Zabrze;;Waga b/d;Roesner Mateusz;2026-07-27 17:46:01;OP-MIGR-00156;;AKTYWNY
2026-07-23;;2026-07-23;Fioskip Adam Skipioł;ZAKUP;PZ/30;TAK;KZR;80.0;MP;40.0;3200.0;0.0;Drewno przemysłowe z wycinek inwest.;B;;0.0;;;0.0;0.0;0.0;Magazyn Zabrze;;;Roesner Mateusz;2026-07-30 15:01:28;OP-MIGR-00157;;AKTYWNY
2026-07-23;;2026-07-23;Magazyn Zabrze;PRODUKCJA;PZ/30;TAK;KZR;80.0;MP;0.0;0.0;0.0;Zrębka Produkcyjna Inwestycyjna;B;własne;10.0;;;0.0;0.0;0.0;Magazyn Zabrze;;;Roesner Mateusz;2026-07-30 15:02:54;OP-MIGR-00158;;AKTYWNY
2026-07-23;;2026-07-23;Magazyn Zabrze;ZUŻYCIE;PZ/30;TAK;KZR;80.0;MP;0.0;0.0;0.0;Zrębka Produkcyjna Inwestycyjna;B;własne;10.0;;;0.0;0.0;0.0;Magazyn Zabrze;;Automatyczne zużycie surowca do produkcji;;2026-07-30 15:02:54;OP-MIGR-00159;;AKTYWNY
2026-07-23;Pszczyna;2026-07-23;Magazyn Zabrze;ZAKUP;PZ/30;TAK;KZR;80.0;MP;0.0;0.0;0.0;Zrębka Produkcyjna Inwestycyjna;B;;0.0;własny (Kretek);SK 7J885;140.0;5.0;700.0;Magazyn Zabrze;;;Roesner Mateusz;2026-07-30 15:03:48;OP-MIGR-00160;;AKTYWNY
2026-07-24;;2026-07-24;Lander Agro;ZAKUP;PZ/23/D;TAK;KZR;15.09;M3;230.0;3470.7;0.0;Drewno opałowe z lasu;;;0.0;;;0.0;0.0;0.0;Magazyn Zabrze;;Waga b/d;Roesner Mateusz;2026-07-26 20:12:43;OP-MIGR-00161;;AKTYWNY
2026-07-24;;2026-07-24;Walber;ZAKUP;PZ/31;TAK;KZR;24.36;TON;275.0;6699.0;0.0;Zrębka towar;B;;0.0;;;0.0;0.0;0.0;Magazyn Zabrze;;75 mp;Roesner Mateusz;2026-07-26 20:17:19;OP-MIGR-00162;;AKTYWNY
2026-07-24;;2026-07-24;Walber;ZAKUP;PZ/32;TAK;KZR;23.18;TON;275.0;6374.5;0.0;Zrębka towar;B;;0.0;;;0.0;0.0;0.0;Magazyn Zabrze;;82 mp;Roesner Mateusz;2026-07-26 20:18:58;OP-MIGR-00163;;AKTYWNY
2026-07-24;;2026-07-24;Walber;ZAKUP;PZ/33;TAK;KZR;23.52;TON;275.0;6468.0;0.0;Zrębka towar;B;;0.0;;;0.0;0.0;0.0;Magazyn Zabrze;;78 mp;Roesner Mateusz;2026-07-26 20:20:38;OP-MIGR-00164;;AKTYWNY
2026-07-24;;2026-07-24;Walber;ZAKUP;PZ/34;TAK;KZR;23.78;TON;275.0;6539.5;0.0;Zrębka towar;B;;0.0;;;0.0;0.0;0.0;Magazyn Zabrze;;75 mp;Roesner Mateusz;2026-07-26 20:21:44;OP-MIGR-00165;;AKTYWNY
2026-07-24;;2026-07-24;Walber;ZAKUP;PZ/35;TAK;KZR;23.9;TON;275.0;6594.5;0.0;Zrębka towar;B;;0.0;;;0.0;0.0;0.0;Magazyn Zabrze;;75 mp;Roesner Mateusz;2026-07-26 20:23:42;OP-MIGR-00166;;AKTYWNY
2026-07-24;Gdańsk;2026-07-24;Port Północny Gdańsk;ZAKUP;PZ/3/ŁN;TAK;KZR;1185.4;TON;0.0;0.0;0.0;Łupiny nerkowca;;;0.0;DB Cargo;;0.0;0.0;0.0;Magazyn Zabrze;;43 Wagony;Roesner Mateusz;2026-07-28 07:20:06;OP-MIGR-00167;;AKTYWNY
2026-07-27;;2026-07-27;Grandpol;ZAKUP;PZ/36;TAK;KZR;57.0;MP;40.0;2280.0;0.0;Drewno przemysłowe z wycinek inwest.;B;;0.0;;;0.0;0.0;0.0;Magazyn Zabrze;;;Roesner Mateusz;2026-07-30 20:37:09;OP-MIGR-00168;;AKTYWNY
2026-07-27;;2026-07-27;Magazyn Zabrze;PRODUKCJA;PZ/36;TAK;KZR;57.0;MP;0.0;0.0;0.0;Zrębka Produkcyjna Inwestycyjna;B;własne;10.0;;;0.0;0.0;0.0;Magazyn Zabrze;;;Roesner Mateusz;2026-07-30 20:38:09;OP-MIGR-00169;;AKTYWNY
2026-07-27;;2026-07-27;Magazyn Zabrze;ZUŻYCIE;PZ/36;TAK;KZR;57.0;MP;0.0;0.0;0.0;Zrębka Produkcyjna Inwestycyjna;B;własne;10.0;;;0.0;0.0;0.0;Magazyn Zabrze;;Automatyczne zużycie surowca do produkcji;;2026-07-30 20:38:09;OP-MIGR-00170;;AKTYWNY
2026-07-27;Ściborzyce;2026-07-27;Magazyn Zabrze;ZAKUP;PZ/36;TAK;KZR;57.0;MP;0.0;0.0;0.0;Zrębka Produkcyjna Inwestycyjna;B;;0.0;własny (Wiór);SK 7H433;200.0;6.0;1200.0;Magazyn Zabrze;;;Roesner Mateusz;2026-07-30 20:41:16;OP-MIGR-00171;;AKTYWNY
2026-07-27;;2026-07-27;Grandpol;ZAKUP;PZ/37;TAK;KZR;86.0;MP;45.0;3870.0;0.0;Drewno przemysłowe z wycinek inwest.;B;;0.0;;;0.0;0.0;0.0;Magazyn Zabrze;;;Roesner Mateusz;2026-07-31 06:43:16;OP-MIGR-00172;;AKTYWNY
2026-07-27;;2026-07-27;Magazyn Zabrze;PRODUKCJA;PZ/37;TAK;KZR;86.0;MP;0.0;0.0;0.0;Zrębka Produkcyjna Inwestycyjna;B;własne;10.0;;;0.0;0.0;0.0;Magazyn Zabrze;;;Roesner Mateusz;2026-07-31 06:44:12;OP-MIGR-00173;;AKTYWNY
2026-07-27;;2026-07-27;Magazyn Zabrze;ZUŻYCIE;PZ/37;TAK;KZR;86.0;MP;0.0;0.0;0.0;Zrębka Produkcyjna Inwestycyjna;B;własne;10.0;;;0.0;0.0;0.0;Magazyn Zabrze;;Automatyczne zużycie surowca do produkcji;;2026-07-31 06:44:12;OP-MIGR-00174;;AKTYWNY
2026-07-27;Ściborzyce;2026-07-27;Magazyn Zabrze;ZAKUP;PZ/37;TAK;KZR;86.0;MP;0.0;0.0;0.0;Zrębka Produkcyjna Inwestycyjna;B;;0.0;własny (Wilczak);SK 7J884;200.0;5.0;1000.0;Magazyn Zabrze;;;Roesner Mateusz;2026-07-31 06:45:36;OP-MIGR-00175;;AKTYWNY
2026-07-27;;2026-07-27;Grandpol;ZAKUP;PZ/38;TAK;KZR;88.0;MP;45.0;3960.0;0.0;Zrębka Produkcyjna Inwestycyjna;B;;0.0;;;0.0;0.0;0.0;Magazyn Zabrze;;;Roesner Mateusz;2026-07-31 06:47:42;OP-MIGR-00176;;AKTYWNY
2026-07-27;;2026-07-27;Magazyn Zabrze;PRODUKCJA;PZ/38;TAK;KZR;88.0;MP;0.0;0.0;0.0;Zrębka Produkcyjna Inwestycyjna;B;własne;10.0;;;0.0;0.0;0.0;Magazyn Zabrze;;;Roesner Mateusz;2026-07-31 06:48:14;OP-MIGR-00177;;AKTYWNY
2026-07-27;;2026-07-27;Magazyn Zabrze;ZUŻYCIE;PZ/38;TAK;KZR;88.0;MP;0.0;0.0;0.0;Zrębka Produkcyjna Inwestycyjna;B;własne;10.0;;;0.0;0.0;0.0;Magazyn Zabrze;;Automatyczne zużycie surowca do produkcji;;2026-07-31 06:48:14;OP-MIGR-00178;;AKTYWNY
2026-07-27;Ściborzyce;2026-07-27;Magazyn Zabrze;ZAKUP;PZ/38;TAK;KZR;88.0;MP;0.0;0.0;0.0;Zrębka Produkcyjna Inwestycyjna;B;;0.0;własny (Kretek);SK 7J885;200.0;5.0;1000.0;Magazyn Zabrze;;;Roesner Mateusz;2026-07-31 06:49:27;OP-MIGR-00179;;AKTYWNY
2026-07-27;;2026-07-27;Grandpol;ZAKUP;PZ/39;TAK;KZR;87.0;MP;45.0;3915.0;0.0;Drewno przemysłowe z wycinek inwest.;B;;0.0;;;0.0;0.0;0.0;Magazyn Zabrze;;;Roesner Mateusz;2026-07-31 07:19:19;OP-MIGR-00180;;AKTYWNY
2026-07-27;;2026-07-27;Magazyn Zabrze;PRODUKCJA;PZ/39;TAK;KZR;87.0;MP;0.0;0.0;0.0;Zrębka Produkcyjna Inwestycyjna;B;własne;10.0;;;0.0;0.0;0.0;Magazyn Zabrze;;;Roesner Mateusz;2026-07-31 07:19:51;OP-MIGR-00181;;AKTYWNY
2026-07-27;;2026-07-27;Magazyn Zabrze;ZUŻYCIE;PZ/39;TAK;KZR;87.0;MP;0.0;0.0;0.0;Zrębka Produkcyjna Inwestycyjna;B;własne;10.0;;;0.0;0.0;0.0;Magazyn Zabrze;;Automatyczne zużycie surowca do produkcji;;2026-07-31 07:19:51;OP-MIGR-00182;;AKTYWNY
2026-07-27;Ściborzyce;2026-07-27;Magazyn Zabrze;ZAKUP;PZ/39;TAK;KZR;87.0;MP;0.0;0.0;0.0;Zrębka Produkcyjna Inwestycyjna;B;;0.0;Nowatrans;WND 3546F;200.0;6.0;1200.0;Magazyn Zabrze;;;Roesner Mateusz;2026-07-31 07:20:50;OP-MIGR-00183;;AKTYWNY
2026-07-28;;2026-07-28;Lander Agro;ZAKUP;PZ/24/D;TAK;KZR;30.0;M3;230.0;6900.0;0.0;Drewno opałowe z lasu;;;0.0;;;0.0;0.0;0.0;Magazyn Zabrze;;Waga b/d;Roesner Mateusz;2026-07-29 12:39:52;OP-MIGR-00184;;AKTYWNY
2026-07-28;;2026-07-28;Lander Agro;ZAKUP;PZ/25/D;TAK;KZR;29.95;M3;230.0;6888.5;0.0;Drewno opałowe z lasu;;;0.0;;;0.0;0.0;0.0;Magazyn Zabrze;;Waga b/d;Roesner Mateusz;2026-07-29 12:40:44;OP-MIGR-00185;;AKTYWNY
2026-07-28;Magazyn Pyskowice;2026-07-28;Magazyn Pyskowice;MM;MM-51;TAK;;84.0;MP;0.0;0.0;0.0;Zrębka Produkcyjna Leśna;B;;0.0;Nowatrans;WND 3546F;40.0;15.0;600.0;Magazyn Zabrze;Magazyn Pyskowice;;Roesner Mateusz;2026-07-29 12:47:10;OP-MIGR-00186;;AKTYWNY
2026-07-28;;2026-07-28;Grandpol;ZAKUP;PZ/40;TAK;KZR;82.0;MP;45.0;3690.0;0.0;Drewno przemysłowe z wycinek inwest.;B;;0.0;;;0.0;0.0;0.0;Magazyn Zabrze;;;Roesner Mateusz;2026-07-31 06:52:50;OP-MIGR-00187;;AKTYWNY
2026-07-28;;2026-07-28;Magazyn Zabrze;PRODUKCJA;PZ/40;TAK;KZR;82.0;MP;0.0;0.0;0.0;Zrębka Produkcyjna Inwestycyjna;B;własne;10.0;;;0.0;0.0;0.0;Magazyn Zabrze;;;Roesner Mateusz;2026-07-31 06:53:26;OP-MIGR-00188;;AKTYWNY
2026-07-28;;2026-07-28;Magazyn Zabrze;ZUŻYCIE;PZ/40;TAK;KZR;82.0;MP;0.0;0.0;0.0;Zrębka Produkcyjna Inwestycyjna;B;własne;10.0;;;0.0;0.0;0.0;Magazyn Zabrze;;Automatyczne zużycie surowca do produkcji;;2026-07-31 06:53:27;OP-MIGR-00189;;AKTYWNY
2026-07-28;Głubczyce;2026-07-28;Magazyn Zabrze;ZAKUP;PZ/40;TAK;KZR;82.0;MP;0.0;0.0;0.0;Zrębka Produkcyjna Inwestycyjna;B;;0.0;własny (Wilczak);SK 7J884;200.0;5.0;1000.0;Magazyn Zabrze;;;Roesner Mateusz;2026-07-31 06:55:31;OP-MIGR-00190;;AKTYWNY
2026-07-28;;2026-07-28;Grandpol;ZAKUP;PZ/41;TAK;KZR;84.0;MP;45.0;3780.0;0.0;Drewno przemysłowe z wycinek inwest.;B;;0.0;;;0.0;0.0;0.0;Magazyn Zabrze;;;Roesner Mateusz;2026-07-31 06:57:05;OP-MIGR-00191;;AKTYWNY
2026-07-28;;2026-07-28;Magazyn Zabrze;PRODUKCJA;PZ/41;TAK;KZR;84.0;MP;0.0;0.0;0.0;Zrębka Produkcyjna Inwestycyjna;B;własne;10.0;;;0.0;0.0;0.0;Magazyn Zabrze;;;Roesner Mateusz;2026-07-31 06:57:51;OP-MIGR-00192;;AKTYWNY
2026-07-28;;2026-07-28;Magazyn Zabrze;ZUŻYCIE;PZ/41;TAK;KZR;84.0;MP;0.0;0.0;0.0;Zrębka Produkcyjna Inwestycyjna;B;własne;10.0;;;0.0;0.0;0.0;Magazyn Zabrze;;Automatyczne zużycie surowca do produkcji;;2026-07-31 06:57:51;OP-MIGR-00193;;AKTYWNY
2026-07-28;Głubczyce;2026-07-28;Magazyn Zabrze;ZAKUP;PZ/41;TAK;KZR;84.0;MP;0.0;0.0;0.0;Zrębka Produkcyjna Inwestycyjna;B;;0.0;własny (Kretek);SK 7J885;200.0;5.0;1000.0;Magazyn Zabrze;;;Roesner Mateusz;2026-07-31 06:58:38;OP-MIGR-00194;;AKTYWNY
2026-07-28;;2026-07-28;Grandpol;ZAKUP;PZ/42;TAK;KZR;57.0;MP;20.0;1140.0;0.0;Drewno przemysłowe z wycinek inwest.;B;;0.0;;;0.0;0.0;0.0;Magazyn Zabrze;;;Roesner Mateusz;2026-07-31 07:01:41;OP-MIGR-00195;;AKTYWNY
2026-07-28;;2026-07-28;Magazyn Zabrze;PRODUKCJA;PZ/42;TAK;KZR;57.0;MP;0.0;0.0;0.0;Zrębka Produkcyjna Inwestycyjna;B;własne;10.0;;;0.0;0.0;0.0;Magazyn Zabrze;;;Roesner Mateusz;2026-07-31 07:02:26;OP-MIGR-00196;;AKTYWNY
2026-07-28;;2026-07-28;Magazyn Zabrze;ZUŻYCIE;PZ/42;TAK;KZR;57.0;MP;0.0;0.0;0.0;Zrębka Produkcyjna Inwestycyjna;B;własne;10.0;;;0.0;0.0;0.0;Magazyn Zabrze;;Automatyczne zużycie surowca do produkcji;;2026-07-31 07:02:26;OP-MIGR-00197;;AKTYWNY
2026-07-28;Kwiatniów;2026-07-28;Magazyn Zabrze;ZAKUP;PZ/42;TAK;KZR;57.0;MP;0.0;0.0;0.0;Zrębka Produkcyjna Inwestycyjna;B;;0.0;własny (Wiór);SK 7H433;200.0;6.0;1200.0;Magazyn Zabrze;;;Roesner Mateusz;2026-07-31 07:03:55;OP-MIGR-00198;;AKTYWNY
2026-07-28;;2026-07-28;Grandpol;ZAKUP;PZ/43;TAK;KZR;81.0;MP;45.0;3645.0;0.0;Drewno przemysłowe z wycinek inwest.;B;;0.0;;;0.0;0.0;0.0;Magazyn Zabrze;;;Roesner Mateusz;2026-07-31 07:06:25;OP-MIGR-00199;;AKTYWNY
2026-07-28;;2026-07-28;Magazyn Zabrze;PRODUKCJA;PZ/43;TAK;KZR;81.0;MP;0.0;0.0;0.0;Zrębka Produkcyjna Inwestycyjna;B;własne;10.0;;;0.0;0.0;0.0;Magazyn Zabrze;;;Roesner Mateusz;2026-07-31 07:07:02;OP-MIGR-00200;;AKTYWNY
2026-07-28;;2026-07-28;Magazyn Zabrze;ZUŻYCIE;PZ/43;TAK;KZR;81.0;MP;0.0;0.0;0.0;Zrębka Produkcyjna Inwestycyjna;B;własne;10.0;;;0.0;0.0;0.0;Magazyn Zabrze;;Automatyczne zużycie surowca do produkcji;;2026-07-31 07:07:02;OP-MIGR-00201;;AKTYWNY
2026-07-28;Głubczyce;2026-07-28;Magazyn Zabrze;ZAKUP;PZ/43;TAK;KZR;81.0;MP;0.0;0.0;0.0;Zrębka Produkcyjna Inwestycyjna;B;;0.0;własny (Wilczak);SK 7J884;200.0;5.0;1000.0;Magazyn Zabrze;;;Roesner Mateusz;2026-07-31 07:07:50;OP-MIGR-00202;;AKTYWNY
2026-07-28;;2026-07-28;Grandpol;ZAKUP;PZ/44;TAK;KZR;82.0;MP;45.0;3690.0;0.0;Drewno przemysłowe z wycinek inwest.;B;;0.0;;;0.0;0.0;0.0;Magazyn Zabrze;;;Roesner Mateusz;2026-07-31 07:08:49;OP-MIGR-00203;;AKTYWNY
2026-07-28;;2026-07-28;Magazyn Zabrze;PRODUKCJA;PZ/44;TAK;KZR;82.0;MP;0.0;0.0;0.0;Zrębka Produkcyjna Inwestycyjna;B;własne;10.0;;;0.0;0.0;0.0;Magazyn Zabrze;;;Roesner Mateusz;2026-07-31 07:09:44;OP-MIGR-00204;;AKTYWNY
2026-07-28;;2026-07-28;Magazyn Zabrze;ZUŻYCIE;PZ/44;TAK;KZR;82.0;MP;0.0;0.0;0.0;Zrębka Produkcyjna Inwestycyjna;B;własne;10.0;;;0.0;0.0;0.0;Magazyn Zabrze;;Automatyczne zużycie surowca do produkcji;;2026-07-31 07:09:45;OP-MIGR-00205;;AKTYWNY
2026-07-28;Głubczyce;2026-07-28;Magazyn Zabrze;ZAKUP;PZ/44;TAK;KZR;82.0;MP;0.0;0.0;0.0;Zrębka Produkcyjna Inwestycyjna;B;;0.0;własny (Kretek);SK 7J885;200.0;5.0;1000.0;Magazyn Zabrze;;;Roesner Mateusz;2026-07-31 07:10:35;OP-MIGR-00206;;AKTYWNY
2026-07-28;;2026-07-28;Grandpol;ZAKUP;PZ/45;TAK;KZR;80.0;MP;45.0;3600.0;0.0;Drewno przemysłowe z wycinek inwest.;B;;0.0;;;0.0;0.0;0.0;Magazyn Zabrze;;;Roesner Mateusz;2026-07-31 07:23:48;OP-MIGR-00207;;AKTYWNY
2026-07-28;;2026-07-28;Magazyn Zabrze;PRODUKCJA;PZ/45;TAK;KZR;80.0;MP;0.0;0.0;0.0;Zrębka Produkcyjna Inwestycyjna;B;własne;10.0;;;0.0;0.0;0.0;Magazyn Zabrze;;;Roesner Mateusz;2026-07-31 07:24:23;OP-MIGR-00208;;AKTYWNY
2026-07-28;;2026-07-28;Magazyn Zabrze;ZUŻYCIE;PZ/45;TAK;KZR;80.0;MP;0.0;0.0;0.0;Zrębka Produkcyjna Inwestycyjna;B;własne;10.0;;;0.0;0.0;0.0;Magazyn Zabrze;;Automatyczne zużycie surowca do produkcji;;2026-07-31 07:24:23;OP-MIGR-00209;;AKTYWNY
2026-07-28;Głubczyce;2026-07-28;Magazyn Zabrze;ZAKUP;PZ/45;TAK;KZR;80.0;MP;0.0;0.0;0.0;Zrębka Produkcyjna Inwestycyjna;B;;0.0;Nowatrans;WND 3546F;200.0;6.0;1200.0;Magazyn Zabrze;;;Roesner Mateusz;2026-07-31 07:25:15;OP-MIGR-00210;;AKTYWNY
2026-07-29;;2026-07-29;Lander Agro;ZAKUP;PZ/26/D;TAK;KZR;30.0;M3;230.0;6900.0;0.0;Drewno opałowe z lasu;;;0.0;;;0.0;0.0;0.0;Magazyn Zabrze;;Waga b/d;Roesner Mateusz;2026-07-29 12:41:43;OP-MIGR-00211;;AKTYWNY
2026-07-29;Magazyn Pyskowice;2026-07-29;Magazyn Pyskowice;MM;MM-52;TAK;;60.0;MP;0.0;0.0;0.0;Zrębka Produkcyjna Leśna;B;;0.0;własny (Wiór);SK 7H433;40.0;6.0;240.0;Magazyn Zabrze;Magazyn Pyskowice;;Roesner Mateusz;2026-07-31 00:26:33;OP-MIGR-00212;;AKTYWNY
2026-07-29;Magazyn Pyskowice;2026-07-29;Magazyn Pyskowice;MM;MM-53;TAK;;58.0;MP;0.0;0.0;0.0;Zrębka Produkcyjna Leśna;B;;0.0;własny (Wiór);SK 7H433;40.0;6.0;240.0;Magazyn Zabrze;Magazyn Pyskowice;Kurs z 1 kontenerem.;Roesner Mateusz;2026-07-31 00:28:13;OP-MIGR-00213;;AKTYWNY
2026-07-29;;2026-07-29;NDL Chrzanów, Leśnictwo Chełmek;ZAKUP;PZ/46;TAK;Deklaracja;21.31;M3;141.0;3004.71;0.0;Drewno opałowe z lasu;B;;0.0;;;0.0;0.0;0.0;Magazyn Zabrze;;;Roesner Mateusz;2026-07-31 07:32:30;OP-MIGR-00214;;AKTYWNY
2026-07-29;;2026-07-29;Magazyn Zabrze;PRODUKCJA;PZ/46;TAK;Deklaracja;85.0;MP;0.0;0.0;0.0;Zrębka Produkcyjna Leśna;B;własne;10.0;;;0.0;0.0;0.0;Magazyn Zabrze;;;Roesner Mateusz;2026-07-31 07:33:59;OP-MIGR-00215;;AKTYWNY
2026-07-29;;2026-07-29;Magazyn Zabrze;ZUŻYCIE;PZ/46;TAK;Deklaracja;85.0;MP;0.0;0.0;0.0;Zrębka Produkcyjna Leśna;B;własne;10.0;;;0.0;0.0;0.0;Magazyn Zabrze;;Automatyczne zużycie surowca do produkcji;;2026-07-31 07:33:59;OP-MIGR-00216;;AKTYWNY
2026-07-29;Chrzanów;2026-07-29;Magazyn Zabrze;ZAKUP;PZ/46  2/202624966/6105;TAK;Deklaracja;85.0;MP;0.0;0.0;0.0;Zrębka Produkcyjna Leśna;B;;0.0;Nowatrans;WND 3546F;200.0;6.0;1200.0;Magazyn Zabrze;;;Roesner Mateusz;2026-07-31 10:23:06;OP-MIGR-00217;;AKTYWNY
2026-07-29;;2026-07-29;NDL Chrzanów, Leśnictwo Chełmek;ZAKUP;PZ/47;TAK;Deklaracja;6.03;M3;141.0;850.23;0.0;Drewno opałowe z lasu;B;;0.0;;;0.0;0.0;0.0;Magazyn Zabrze;;;Roesner Mateusz;2026-08-03 10:56:02;OP-MIGR-00218;;AKTYWNY
2026-07-29;;2026-07-29;Magazyn Zabrze;PRODUKCJA;PZ/47;TAK;Deklaracja;24.0;MP;0.0;0.0;0.0;Zrębka Produkcyjna Leśna;B;własne;10.0;;;0.0;0.0;0.0;Magazyn Zabrze;;;Roesner Mateusz;2026-08-03 10:57:57;OP-MIGR-00219;;AKTYWNY
2026-07-29;;2026-07-29;Magazyn Zabrze;ZUŻYCIE;PZ/47;TAK;Deklaracja;24.0;MP;0.0;0.0;0.0;Zrębka Produkcyjna Leśna;B;własne;10.0;;;0.0;0.0;0.0;Magazyn Zabrze;;Automatyczne zużycie surowca do produkcji;;2026-08-03 10:57:57;OP-MIGR-00220;;AKTYWNY
2026-07-29;Chrzanów;2026-07-29;Magazyn Zabrze;ZAKUP;PZ/47  2/202624966/6107;TAK;Deklaracja;24.0;MP;0.0;0.0;0.0;Zrębka Produkcyjna Leśna;B;;0.0;własny (Kretek);SK 7J885;200.0;5.0;1000.0;Magazyn Zabrze;;;Roesner Mateusz;2026-08-03 10:59:30;OP-MIGR-00221;;AKTYWNY
2026-07-29;;2026-07-29;NDL Chrzanów, Leśnictwo Chełmek;ZAKUP;PZ/48;TAK;Deklaracja;20.1;M3;141.0;2834.1;0.0;Drewno opałowe z lasu;B;;0.0;;;0.0;0.0;0.0;Magazyn Zabrze;;;Roesner Mateusz;2026-08-03 11:02:35;OP-MIGR-00222;;AKTYWNY
2026-07-29;;2026-07-29;Magazyn Zabrze;PRODUKCJA;PZ/48;TAK;Deklaracja;80.4;MP;0.0;0.0;0.0;Zrębka Produkcyjna Leśna;B;własne;10.0;;;0.0;0.0;0.0;Magazyn Zabrze;;;Roesner Mateusz;2026-08-03 11:03:48;OP-MIGR-00223;;AKTYWNY
2026-07-29;;2026-07-29;Magazyn Zabrze;ZUŻYCIE;PZ/48;TAK;Deklaracja;80.4;MP;0.0;0.0;0.0;Zrębka Produkcyjna Leśna;B;własne;10.0;;;0.0;0.0;0.0;Magazyn Zabrze;;Automatyczne zużycie surowca do produkcji;;2026-08-03 11:03:48;OP-MIGR-00224;;AKTYWNY
2026-07-29;Chrzanów;2026-07-29;Magazyn Zabrze;ZAKUP;PZ/478 2/202624966/6106;TAK;Deklaracja;80.4;MP;0.0;0.0;0.0;Zrębka Produkcyjna Leśna;B;;0.0;własny (Wilczak);SK 7J884;200.0;5.0;1000.0;Magazyn Zabrze;;;Roesner Mateusz;2026-08-03 11:05:19;OP-MIGR-00225;;AKTYWNY
2026-07-29;;2026-07-29;Lander Agro;ZAKUP;PZ/26/D;TAK;KZR;29.55;M3;230.0;6796.5;0.0;Drewno opałowe z lasu;;;0.0;;;0.0;0.0;0.0;Magazyn Zabrze;;Waga b/d;Roesner Mateusz;2026-08-03 11:31:50;OP-MIGR-00226;;AKTYWNY
2026-07-29;;2026-07-29;Lander Agro;ZAKUP;PZ/27/D;TAK;KZR;30.0;M3;230.0;6900.0;0.0;Drewno opałowe z lasu;B;;0.0;;;0.0;0.0;0.0;Magazyn Zabrze;;Waga b/d;Roesner Mateusz;2026-08-03 11:35:13;OP-MIGR-00227;;AKTYWNY
2026-07-29;;2026-07-29;NDL Chrzanów, Leśnictwo Chełmek;ZAKUP;PZ/49;TAK;Deklaracja;21.31;M3;141.0;3004.71;0.0;Drewno opałowe z lasu;B;;0.0;;;0.0;0.0;0.0;Magazyn Zabrze;;;Roesner Mateusz;2026-08-06 09:47:41;OP-MIGR-00228;;AKTYWNY
2026-07-29;;2026-07-29;Magazyn Zabrze;PRODUKCJA;PZ/49;TAK;Deklaracja;85.24;MP;0.0;0.0;0.0;Zrębka Produkcyjna Leśna;B;własne;10.0;;;0.0;0.0;0.0;Magazyn Zabrze;;;Roesner Mateusz;2026-08-06 09:48:42;OP-MIGR-00229;;AKTYWNY
2026-07-29;;2026-07-29;Magazyn Zabrze;ZUŻYCIE;PZ/49;TAK;Deklaracja;85.24;MP;0.0;0.0;0.0;Zrębka Produkcyjna Leśna;B;własne;10.0;;;0.0;0.0;0.0;Magazyn Zabrze;;Automatyczne zużycie surowca do produkcji;;2026-08-06 09:48:42;OP-MIGR-00230;;AKTYWNY
2026-07-29;Chrzanów;2026-07-29;Magazyn Zabrze;ZAKUP;PZ/49  2/202624966/6108;TAK;Deklaracja;85.24;MP;0.0;0.0;0.0;Zrębka Produkcyjna Leśna;B;;0.0;własny (Chrzan);SK 4K626;200.0;5.0;1000.0;Magazyn Zabrze;;;Roesner Mateusz;2026-08-06 10:00:57;OP-MIGR-00231;;AKTYWNY
2026-07-30;;2026-07-30;NDL Chrzanów, Leśnictwo Płoki;ZAKUP;PZ/50;TAK;Deklaracja;20.28;M3;141.0;2859.48;0.0;Drewno opałowe z lasu;B;;0.0;;;0.0;0.0;0.0;Magazyn Zabrze;;;Roesner Mateusz;2026-08-03 11:07:27;OP-MIGR-00232;;AKTYWNY
2026-07-30;;2026-07-30;Magazyn Zabrze;PRODUKCJA;PZ/50;TAK;Deklaracja;81.0;MP;0.0;0.0;0.0;Zrębka Produkcyjna Leśna;B;własne;10.0;;;0.0;0.0;0.0;Magazyn Zabrze;;;Roesner Mateusz;2026-08-03 11:08:25;OP-MIGR-00233;;AKTYWNY
2026-07-30;;2026-07-30;Magazyn Zabrze;ZUŻYCIE;PZ/50;TAK;Deklaracja;81.0;MP;0.0;0.0;0.0;Zrębka Produkcyjna Leśna;B;własne;10.0;;;0.0;0.0;0.0;Magazyn Zabrze;;Automatyczne zużycie surowca do produkcji;;2026-08-03 11:08:25;OP-MIGR-00234;;AKTYWNY
2026-07-30;Chrzanów;2026-07-30;Magazyn Zabrze;ZAKUP;PZ/50  5/202624969/6081;TAK;Deklaracja;81.0;MP;0.0;0.0;0.0;Zrębka Produkcyjna Leśna;B;;0.0;własny (Kretek);SK 7J885;200.0;5.0;1000.0;Magazyn Zabrze;;;Roesner Mateusz;2026-08-03 11:10:11;OP-MIGR-00235;;AKTYWNY
2026-07-30;;2026-07-30;NDL Chrzanów, Leśnictwo Płoki;ZAKUP;PZ/51;TAK;Deklaracja;20.28;M3;141.0;2859.48;0.0;Drewno opałowe z lasu;B;;0.0;;;0.0;0.0;0.0;Magazyn Zabrze;;;Roesner Mateusz;2026-08-03 11:24:13;OP-MIGR-00236;;AKTYWNY
2026-07-30;;2026-07-30;Magazyn Zabrze;PRODUKCJA;PZ/51;TAK;Deklaracja;81.12;MP;0.0;0.0;0.0;Zrębka Produkcyjna Leśna;B;własne;10.0;;;0.0;0.0;0.0;Magazyn Zabrze;;;Roesner Mateusz;2026-08-03 11:25:06;OP-MIGR-00237;;AKTYWNY
2026-07-30;;2026-07-30;Magazyn Zabrze;ZUŻYCIE;PZ/51;TAK;Deklaracja;81.12;MP;0.0;0.0;0.0;Zrębka Produkcyjna Leśna;B;własne;10.0;;;0.0;0.0;0.0;Magazyn Zabrze;;Automatyczne zużycie surowca do produkcji;;2026-08-03 11:25:06;OP-MIGR-00238;;AKTYWNY
2026-07-30;Chrzanów;2026-07-30;Magazyn Zabrze;ZAKUP;PZ/51  5/202624969/6082;TAK;Deklaracja;80.12;MP;0.0;0.0;0.0;Zrębka Produkcyjna Leśna;B;;0.0;własny (Wilczak);SK 7J884;200.0;5.0;1000.0;Magazyn Zabrze;;;Roesner Mateusz;2026-08-03 11:26:17;OP-MIGR-00239;;AKTYWNY
2026-07-30;;2026-07-30;NDL Chrzanów, Leśnictwo Płoki;ZAKUP;PZ/52;TAK;Deklaracja;21.78;M3;141.0;3070.98;0.0;Drewno opałowe z lasu;B;;0.0;;;0.0;0.0;0.0;Magazyn Zabrze;;;Roesner Mateusz;2026-08-03 11:41:34;OP-MIGR-00240;;AKTYWNY
2026-07-30;;2026-07-30;Magazyn Zabrze;PRODUKCJA;PZ/52;TAK;Deklaracja;87.12;MP;0.0;0.0;0.0;Zrębka Produkcyjna Leśna;B;własne;10.0;;;0.0;0.0;0.0;Magazyn Zabrze;;;Roesner Mateusz;2026-08-03 11:42:35;OP-MIGR-00241;;AKTYWNY
2026-07-30;;2026-07-30;Magazyn Zabrze;ZUŻYCIE;PZ/52;TAK;Deklaracja;87.12;MP;0.0;0.0;0.0;Zrębka Produkcyjna Leśna;B;własne;10.0;;;0.0;0.0;0.0;Magazyn Zabrze;;Automatyczne zużycie surowca do produkcji;;2026-08-03 11:42:35;OP-MIGR-00242;;AKTYWNY
2026-07-30;Chrzanów;2026-07-30;Magazyn Zabrze;ZAKUP;PZ/52  5/202624969/6083;TAK;KZR;87.12;MP;0.0;0.0;0.0;Zrębka Produkcyjna Leśna;B;;0.0;własny (Chrzan);SK 4K626;200.0;5.0;1000.0;Magazyn Zabrze;;;Roesner Mateusz;2026-08-03 11:44:04;OP-MIGR-00243;;AKTYWNY
2026-07-30;;2026-07-30;NDL Chrzanów, Leśnictwo Płoki;ZAKUP;PZ/53;TAK;Deklaracja;14.0;M3;141.0;1974.0;0.0;Drewno opałowe z lasu;B;;0.0;;;0.0;0.0;0.0;Magazyn Zabrze;;;Roesner Mateusz;2026-08-03 11:50:21;OP-MIGR-00244;;AKTYWNY
2026-07-30;;2026-07-30;Magazyn Zabrze;PRODUKCJA;PZ/53;TAK;Deklaracja;56.0;MP;0.0;0.0;0.0;Zrębka Produkcyjna Leśna;B;własne;10.0;;;0.0;0.0;0.0;Magazyn Zabrze;;;Roesner Mateusz;2026-08-03 11:51:14;OP-MIGR-00245;;AKTYWNY
2026-07-30;;2026-07-30;Magazyn Zabrze;ZUŻYCIE;PZ/53;TAK;Deklaracja;56.0;MP;0.0;0.0;0.0;Zrębka Produkcyjna Leśna;B;własne;10.0;;;0.0;0.0;0.0;Magazyn Zabrze;;Automatyczne zużycie surowca do produkcji;;2026-08-03 11:51:14;OP-MIGR-00246;;AKTYWNY
2026-07-30;Chrzanów;2026-07-30;Magazyn Zabrze;ZAKUP;PZ/53  5/202624969/6084;TAK;Deklaracja;56.0;MP;0.0;0.0;0.0;Zrębka Produkcyjna Leśna;B;;0.0;własny (Wiór);SK 7H433;200.0;6.0;1200.0;Magazyn Zabrze;;;Roesner Mateusz;2026-08-03 11:53:21;OP-MIGR-00247;;AKTYWNY
2026-07-30;Gdańsk;2026-07-30;Port Północny Gdańsk;ZAKUP;PZ/4/ŁN;TAK;KZR;652.2;TON;0.0;0.0;0.0;Łupiny nerkowca;;;0.0;DB Cargo;;0.0;0.0;0.0;Magazyn Zabrze;;23 Wagony Łupiny Nerkowca;Roesner Mateusz;2026-08-04 06:53:39;OP-MIGR-00248;;AKTYWNY
2026-07-30;Gdańsk;2026-07-30;Port Północny Gdańsk;ZAKUP;PZ/4/ŁN;TAK;KZR;315.7;TON;0.0;0.0;0.0;PKS;;;0.0;DB Cargo;;0.0;0.0;0.0;Magazyn Zabrze;;9 Wagonów + 1 dziurawy (pusty);Roesner Mateusz;2026-08-04 06:57:41;OP-MIGR-00249;;AKTYWNY
2026-07-30;Gdańsk;2026-07-30;Port Północny Gdańsk;ZAKUP;PZ/4/ŁN;TAK;KZR;271.35;TON;0.0;0.0;0.0;CNSC;;;0.0;DB Cargo;;0.0;0.0;0.0;Magazyn Zabrze;;9 Wagonów + 1 dziurawy (pusty);Roesner Mateusz;2026-08-04 07:00:41;OP-MIGR-00250;;AKTYWNY
2026-07-31;;2026-07-31;Lander Agro;ZAKUP;PZ/28/D;TAK;KZR;6.44;M3;230.0;1481.2;0.0;Drewno opałowe z lasu;;;0.0;;;0.0;0.0;0.0;Magazyn Zabrze;;Waga b/d;Roesner Mateusz;2026-07-31 10:44:45;OP-MIGR-00251;;AKTYWNY
2026-08-03;Magazyn Pyskowice;2026-08-03;Magazyn Pyskowice;MM;MM-54;TAK;;23.0;MP;0.0;0.0;0.0;Zrębka Produkcyjna Leśna;B;;0.0;własny (Wiór);SK 7H433;40.0;6.0;240.0;Magazyn Zabrze;Magazyn Pyskowice;;Roesner Mateusz;2026-08-03 12:06:11;OP-MIGR-00252;;AKTYWNY
2026-08-03;;2026-08-03;NDL Chrzanów, Leśnictwo Płoki;ZAKUP;PZ/54  5/20264969/6088;TAK;Deklaracja;20.28;M3;141.0;2859.48;0.0;Drewno opałowe z lasu;B;;0.0;;;0.0;0.0;0.0;Magazyn Zabrze;;;Roesner Mateusz;2026-08-10 09:16:01;OP-MIGR-00253;;AKTYWNY
2026-08-03;;2026-08-03;Magazyn Zabrze;PRODUKCJA;PZ/54;TAK;Deklaracja;81.12;MP;0.0;0.0;0.0;Zrębka Produkcyjna Leśna;B;własne;10.0;;;0.0;0.0;0.0;Magazyn Zabrze;;;Roesner Mateusz;2026-08-10 09:16:59;OP-MIGR-00254;;AKTYWNY
2026-08-03;;2026-08-03;Magazyn Zabrze;ZUŻYCIE;PZ/54;TAK;Deklaracja;81.12;MP;0.0;0.0;0.0;Zrębka Produkcyjna Leśna;B;własne;10.0;;;0.0;0.0;0.0;Magazyn Zabrze;;Automatyczne zużycie surowca do produkcji;;2026-08-10 09:16:59;OP-MIGR-00255;;AKTYWNY
2026-08-03;Chrzanów;2026-08-03;Magazyn Zabrze;ZAKUP;PZ/54;TAK;Deklaracja;81.12;MP;0.0;0.0;0.0;Zrębka Produkcyjna Leśna;B;;0.0;własny (Wilczak);SK 7J884;200.0;5.0;1000.0;Magazyn Zabrze;;;Roesner Mateusz;2026-08-10 09:18:13;OP-MIGR-00256;;AKTYWNY
2026-08-03;;2026-08-03;NDL Chrzanów, Leśnictwo Płoki;ZAKUP;PZ/55  5/26264969/6089;TAK;Deklaracja;20.28;M3;141.0;2859.48;0.0;Drewno opałowe z lasu;B;;0.0;;;0.0;0.0;0.0;Magazyn Zabrze;;;Roesner Mateusz;2026-08-10 09:21:26;OP-MIGR-00257;;AKTYWNY
2026-08-03;;2026-08-03;Magazyn Zabrze;PRODUKCJA;PZ/55;TAK;Deklaracja;81.12;MP;0.0;0.0;0.0;Zrębka Produkcyjna Leśna;B;własne;10.0;;;0.0;0.0;0.0;Magazyn Zabrze;;;Roesner Mateusz;2026-08-10 09:22:20;OP-MIGR-00258;;AKTYWNY
2026-08-03;;2026-08-03;Magazyn Zabrze;ZUŻYCIE;PZ/55;TAK;Deklaracja;81.12;MP;0.0;0.0;0.0;Zrębka Produkcyjna Leśna;B;własne;10.0;;;0.0;0.0;0.0;Magazyn Zabrze;;Automatyczne zużycie surowca do produkcji;;2026-08-10 09:22:20;OP-MIGR-00259;;AKTYWNY
2026-08-03;Chrzanów;2026-08-03;Magazyn Zabrze;ZAKUP;PZ/55;TAK;Deklaracja;81.12;MP;0.0;0.0;0.0;Zrębka Produkcyjna Leśna;B;;0.0;własny (Kretek);SK 7J885;200.0;5.0;1000.0;Magazyn Zabrze;;;Roesner Mateusz;2026-08-10 09:23:05;OP-MIGR-00260;;AKTYWNY
2026-08-03;;2026-08-03;NDL Chrzanów, Leśnictwo Płoki;ZAKUP;PZ/56;TAK;Deklaracja;17.0;M3;141.0;2397.0;0.0;Drewno opałowe z lasu;B;;0.0;;;0.0;0.0;0.0;Magazyn Zabrze;;;Roesner Mateusz;2026-08-10 09:25:54;OP-MIGR-00261;;AKTYWNY
2026-08-03;;2026-08-03;Magazyn Zabrze;PRODUKCJA;PZ/56;TAK;Deklaracja;68.0;MP;0.0;0.0;0.0;Zrębka Produkcyjna Leśna;B;własne;10.0;;;0.0;0.0;0.0;Magazyn Zabrze;;;Roesner Mateusz;2026-08-10 09:26:39;OP-MIGR-00262;;AKTYWNY
2026-08-03;;2026-08-03;Magazyn Zabrze;ZUŻYCIE;PZ/56;TAK;Deklaracja;68.0;MP;0.0;0.0;0.0;Zrębka Produkcyjna Leśna;B;własne;10.0;;;0.0;0.0;0.0;Magazyn Zabrze;;Automatyczne zużycie surowca do produkcji;;2026-08-10 09:26:40;OP-MIGR-00263;;AKTYWNY
2026-08-03;Chrzanów;2026-08-03;Magazyn Zabrze;ZAKUP;PZ/56;TAK;Deklaracja;68.0;MP;0.0;0.0;0.0;Zrębka Produkcyjna Leśna;B;;0.0;własny (Chrzan);SK 5L809;200.0;5.0;1000.0;Magazyn Zabrze;;;Roesner Mateusz;2026-08-10 09:27:34;OP-MIGR-00264;;AKTYWNY
2026-08-04;;2026-08-04;NDL Siewierz, Leśnictwo Mitręga;ZAKUP;PZ/57  1/20263368/6070;TAK;Deklaracja;16.96;M3;141.0;2391.36;0.0;Drewno opałowe z lasu;B;;0.0;;;0.0;0.0;0.0;Magazyn Zabrze;;;Roesner Mateusz;2026-08-10 09:30:05;OP-MIGR-00265;;AKTYWNY
2026-08-04;;2026-08-04;Magazyn Zabrze;PRODUKCJA;PZ/57;TAK;Deklaracja;67.84;MP;0.0;0.0;0.0;Zrębka Produkcyjna Leśna;B;własne;10.0;;;0.0;0.0;0.0;Magazyn Zabrze;;;Roesner Mateusz;2026-08-10 09:30:57;OP-MIGR-00266;;AKTYWNY
2026-08-04;;2026-08-04;Magazyn Zabrze;ZUŻYCIE;PZ/57;TAK;Deklaracja;67.84;MP;0.0;0.0;0.0;Zrębka Produkcyjna Leśna;B;własne;10.0;;;0.0;0.0;0.0;Magazyn Zabrze;;Automatyczne zużycie surowca do produkcji;;2026-08-10 09:30:57;OP-MIGR-00267;;AKTYWNY
2026-08-04;Mitręga;2026-08-04;Magazyn Zabrze;ZAKUP;PZ/57;TAK;Deklaracja;67.84;MP;0.0;0.0;0.0;Zrębka Produkcyjna Leśna;B;;0.0;własny (Wilczak);SK 7J884;105.0;5.0;525.0;Magazyn Zabrze;;;Roesner Mateusz;2026-08-10 09:34:22;OP-MIGR-00268;;AKTYWNY
2026-08-04;;2026-08-04;NDL Siewierz, Leśnictwo Mitręga;ZAKUP;PZ/58  1/20263368/6071;TAK;Deklaracja;17.38;M3;141.0;2450.58;0.0;Drewno opałowe z lasu;B;;0.0;;;0.0;0.0;0.0;Magazyn Zabrze;;;Roesner Mateusz;2026-08-10 09:36:24;OP-MIGR-00269;;AKTYWNY
2026-08-04;;2026-08-04;Magazyn Zabrze;PRODUKCJA;PZ/58;TAK;Deklaracja;69.52;MP;0.0;0.0;0.0;Zrębka Produkcyjna Leśna;B;własne;10.0;;;0.0;0.0;0.0;Magazyn Zabrze;;;Roesner Mateusz;2026-08-10 09:37:12;OP-MIGR-00270;;AKTYWNY
2026-08-04;;2026-08-04;Magazyn Zabrze;ZUŻYCIE;PZ/58;TAK;Deklaracja;69.52;MP;0.0;0.0;0.0;Zrębka Produkcyjna Leśna;B;własne;10.0;;;0.0;0.0;0.0;Magazyn Zabrze;;Automatyczne zużycie surowca do produkcji;;2026-08-10 09:37:12;OP-MIGR-00271;;AKTYWNY
2026-08-04;Mitręga;2026-08-04;Magazyn Zabrze;ZAKUP;PZ/58;TAK;Deklaracja;69.52;MP;0.0;0.0;0.0;Zrębka Produkcyjna Leśna;B;;0.0;własny (Kretek);SK 7J885;105.0;5.0;525.0;Magazyn Zabrze;;;Roesner Mateusz;2026-08-10 09:38:20;OP-MIGR-00272;;AKTYWNY
2026-08-04;;2026-08-04;NDL Siewierz, Leśnictwo Mitręga;ZAKUP;PZ/59  1/20263368/6072;TAK;Deklaracja;15.96;M3;141.0;2250.36;0.0;Drewno opałowe z lasu;B;;0.0;;;0.0;0.0;0.0;Magazyn Zabrze;;;Roesner Mateusz;2026-08-10 09:40:11;OP-MIGR-00273;;AKTYWNY
2026-08-04;;2026-08-04;Magazyn Zabrze;PRODUKCJA;PZ/59;TAK;Deklaracja;63.84;MP;0.0;0.0;0.0;Zrębka Produkcyjna Leśna;B;własne;10.0;;;0.0;0.0;0.0;Magazyn Zabrze;;;Roesner Mateusz;2026-08-10 09:41:19;OP-MIGR-00274;;AKTYWNY
2026-08-04;;2026-08-04;Magazyn Zabrze;ZUŻYCIE;PZ/59;TAK;Deklaracja;63.84;MP;0.0;0.0;0.0;Zrębka Produkcyjna Leśna;B;własne;10.0;;;0.0;0.0;0.0;Magazyn Zabrze;;Automatyczne zużycie surowca do produkcji;;2026-08-10 09:41:19;OP-MIGR-00275;;AKTYWNY
2026-08-04;Mitręga;2026-08-04;Magazyn Zabrze;ZAKUP;PZ/59;TAK;Deklaracja;63.84;MP;0.0;0.0;0.0;Zrębka Produkcyjna Leśna;B;;0.0;własny (Wiór);SK 7H433;105.0;6.0;630.0;Magazyn Zabrze;;;Roesner Mateusz;2026-08-10 09:42:37;OP-MIGR-00276;;AKTYWNY
2026-08-04;;2026-08-04;NDL Siewierz, Leśnictwo Mitręga;ZAKUP;PZ/60;TAK;Deklaracja;16.96;M3;141.0;2391.36;0.0;Drewno opałowe z lasu;B;;0.0;;;0.0;0.0;0.0;Magazyn Zabrze;;;Roesner Mateusz;2026-08-10 09:44:33;OP-MIGR-00277;;AKTYWNY
2026-08-04;;2026-08-04;Magazyn Zabrze;PRODUKCJA;PZ/60;TAK;Deklaracja;67.84;MP;0.0;0.0;0.0;Zrębka Produkcyjna Leśna;B;własne;10.0;;;0.0;0.0;0.0;Magazyn Zabrze;;;Roesner Mateusz;2026-08-10 09:45:33;OP-MIGR-00278;;AKTYWNY
2026-08-04;;2026-08-04;Magazyn Zabrze;ZUŻYCIE;PZ/60;TAK;Deklaracja;67.84;MP;0.0;0.0;0.0;Zrębka Produkcyjna Leśna;B;własne;10.0;;;0.0;0.0;0.0;Magazyn Zabrze;;Automatyczne zużycie surowca do produkcji;;2026-08-10 09:45:33;OP-MIGR-00279;;AKTYWNY
2026-08-04;Mitręga;2026-08-04;Magazyn Zabrze;ZAKUP;PZ/60;TAK;Deklaracja;67.84;MP;0.0;0.0;0.0;Zrębka Produkcyjna Leśna;B;;0.0;własny (Chrzan);SK 5L809;105.0;5.0;525.0;Magazyn Zabrze;;;Roesner Mateusz;2026-08-10 09:47:14;OP-MIGR-00280;;AKTYWNY
2026-08-04;;2026-08-04;NDL Siewierz, Leśnictwo Mitręga;ZAKUP;PZ/61  1/202623368/6075;TAK;Deklaracja;17.38;M3;141.0;2450.58;0.0;Drewno opałowe z lasu;B;;0.0;;;0.0;0.0;0.0;Magazyn Zabrze;;;Roesner Mateusz;2026-08-10 09:48:51;OP-MIGR-00281;;AKTYWNY
2026-08-04;;2026-08-04;Magazyn Zabrze;PRODUKCJA;PZ/61;TAK;Deklaracja;69.52;MP;0.0;0.0;0.0;Zrębka Produkcyjna Leśna;B;własne;10.0;;;0.0;0.0;0.0;Magazyn Zabrze;;;Roesner Mateusz;2026-08-10 09:49:33;OP-MIGR-00282;;AKTYWNY
2026-08-04;;2026-08-04;Magazyn Zabrze;ZUŻYCIE;PZ/61;TAK;Deklaracja;69.52;MP;0.0;0.0;0.0;Zrębka Produkcyjna Leśna;B;własne;10.0;;;0.0;0.0;0.0;Magazyn Zabrze;;Automatyczne zużycie surowca do produkcji;;2026-08-10 09:49:34;OP-MIGR-00283;;AKTYWNY
2026-08-04;Mitręga;2026-08-04;Magazyn Zabrze;ZAKUP;PZ/61;TAK;Deklaracja;69.52;MP;0.0;0.0;0.0;Zrębka Produkcyjna Leśna;B;;0.0;własny (Wilczak);SK 7J884;105.0;5.0;525.0;Magazyn Zabrze;;;Roesner Mateusz;2026-08-10 09:50:48;OP-MIGR-00284;;AKTYWNY
2026-08-04;;2026-08-04;NDL Siewierz, Leśnictwo Mitręga;ZAKUP;PZ/62  1/202623368/6076;TAK;Deklaracja;17.38;M3;141.0;2450.58;0.0;Drewno opałowe z lasu;B;;0.0;;;0.0;0.0;0.0;Magazyn Zabrze;;;Roesner Mateusz;2026-08-10 09:52:45;OP-MIGR-00285;;AKTYWNY
2026-08-04;;2026-08-04;Magazyn Zabrze;PRODUKCJA;PZ/62;TAK;Deklaracja;69.52;MP;0.0;0.0;0.0;Zrębka Produkcyjna Leśna;B;własne;10.0;;;0.0;0.0;0.0;Magazyn Zabrze;;;Roesner Mateusz;2026-08-10 09:53:31;OP-MIGR-00286;;AKTYWNY
2026-08-04;;2026-08-04;Magazyn Zabrze;ZUŻYCIE;PZ/62;TAK;Deklaracja;69.52;MP;0.0;0.0;0.0;Zrębka Produkcyjna Leśna;B;własne;10.0;;;0.0;0.0;0.0;Magazyn Zabrze;;Automatyczne zużycie surowca do produkcji;;2026-08-10 09:53:31;OP-MIGR-00287;;AKTYWNY
2026-08-04;Mitręga;2026-08-04;Magazyn Zabrze;ZAKUP;PZ/62;TAK;Deklaracja;69.52;MP;0.0;0.0;0.0;Zrębka Produkcyjna Leśna;B;;0.0;własny (Kretek);SK 7J885;105.0;5.0;525.0;Magazyn Zabrze;;;Roesner Mateusz;2026-08-10 09:54:32;OP-MIGR-00288;;AKTYWNY
2026-08-04;;2026-08-04;NDL Siewierz, Leśnictwo Mitręga;ZAKUP;PZ/126  1/202623368/6073;TAK;Deklaracja;16.96;M3;0.0;0.0;0.0;Drewno opałowe z lasu;;;0.0;;;0.0;0.0;0.0;Magazyn Zabrze;;Produkcja z 04.05.2026r.;Roesner Mateusz;2026-09-02 08:48:36;OP-MIGR-00289;;AKTYWNY
2026-08-04;;2026-08-04;Magazyn Zabrze;PRODUKCJA;PZ/126;TAK;Deklaracja;67.84;MP;0.0;0.0;0.0;Zrębka Produkcyjna Leśna;B;własne;10.0;;;0.0;0.0;0.0;Magazyn Zabrze;;Produkcja z 04.05.2026r.;Roesner Mateusz;2026-09-02 08:51:01;OP-MIGR-00290;;AKTYWNY
2026-08-04;;2026-08-04;Magazyn Zabrze;ZUŻYCIE;PZ/126;TAK;Deklaracja;67.84;MP;0.0;0.0;0.0;Zrzyna;B;własne;10.0;;;0.0;0.0;0.0;Magazyn Zabrze;;Automatyczne zużycie surowca do produkcji;;2026-09-02 08:51:02;OP-MIGR-00291;;AKTYWNY
2026-08-04;Mitręga;2026-08-04;Magazyn Zabrze;ZAKUP;PZ/126;TAK;Deklaracja;67.84;MP;0.0;0.0;0.0;Zrębka Produkcyjna Leśna;B;;0.0;własny (Łukasz Wojciechowski);SK 4K625;105.0;5.0;525.0;Magazyn Zabrze;;Produkcja z 04.05.2026r.;Roesner Mateusz;2026-09-02 08:52:47;OP-MIGR-00292;;AKTYWNY
2026-08-05;;2026-08-05;Lander Agro;ZAKUP;PZ/29/D;TAK;KZR;28.15;M3;230.0;6474.5;0.0;Drewno opałowe z lasu;;;0.0;;;0.0;0.0;0.0;Magazyn Zabrze;;Waga b/d;Roesner Mateusz;2026-08-10 09:10:15;OP-MIGR-00293;;AKTYWNY
2026-08-05;;2026-08-05;Lander Agro;ZAKUP;PZ/30/D;TAK;KZR;29.82;M3;230.0;6858.6;0.0;Drewno opałowe z lasu;;;0.0;;;0.0;0.0;0.0;Magazyn Zabrze;;Waga b/d;Roesner Mateusz;2026-08-10 09:11:54;OP-MIGR-00294;;AKTYWNY
2026-08-05;Magazyn Zabrze;2026-08-05;Magazyn Zabrze;MM;MM-55;TAK;;90.0;MP;0.0;0.0;0.0;Zrębka Produkcyjna Leśna;B;;0.0;własny (Kretek);SK 7J885;40.0;5.0;200.0;Magazyn Pyskowice;Magazyn Zabrze;;Roesner Mateusz;2026-08-10 09:59:21;OP-MIGR-00295;;AKTYWNY
2026-08-05;Magazyn Pyskowice;2026-08-05;Magazyn Pyskowice;SPRZEDAŻ;WZ-1;TAK;KZR;90.0;MP;0.0;0.0;0.0;Zrębka Produkcyjna Leśna;B;;0.0;własny (Kretek);SK 7J885;107.0;5.0;535.0;Re Alloys, Łaziska;;;Roesner Mateusz;2026-08-10 10:03:19;OP-MIGR-00296;;AKTYWNY
2026-08-05;Magazyn Zabrze;2026-08-05;Magazyn Zabrze;MM;MM-56;TAK;;90.0;MP;0.0;0.0;0.0;Zrębka Produkcyjna Leśna;B;;0.0;własny (Wilczak);SK 7J884;40.0;5.0;200.0;Magazyn Pyskowice;Magazyn Zabrze;;Roesner Mateusz;2026-08-10 10:05:37;OP-MIGR-00297;;AKTYWNY
2026-08-05;Magazyn Pyskowice;2026-08-05;Magazyn Pyskowice;SPRZEDAŻ;WZ-2;TAK;KZR;90.0;MP;0.0;0.0;0.0;Zrębka Produkcyjna Leśna;B;;0.0;własny (Wilczak);SK 7J884;107.0;5.0;535.0;Re Alloys, Łaziska;;;Roesner Mateusz;2026-08-10 10:06:30;OP-MIGR-00298;;AKTYWNY
2026-08-05;Magazyn Zabrze;2026-08-05;Magazyn Zabrze;MM;MM-57;TAK;;90.0;MP;0.0;0.0;0.0;Zrębka Produkcyjna Leśna;B;;0.0;własny (Chrzan);SK 5L809;40.0;5.0;200.0;Magazyn Pyskowice;Magazyn Zabrze;;Roesner Mateusz;2026-08-10 10:08:57;OP-MIGR-00299;;AKTYWNY
2026-08-05;Magazyn Pyskowice;2026-08-05;Magazyn Pyskowice;SPRZEDAŻ;WZ-3;TAK;KZR;90.0;MP;0.0;0.0;0.0;Zrębka Produkcyjna Leśna;B;;0.0;własny (Chrzan);SK 5L809;107.0;5.0;535.0;Re Alloys, Łaziska;;;Roesner Mateusz;2026-08-10 10:10:39;OP-MIGR-00300;;AKTYWNY
2026-08-05;Magazyn Zabrze;2026-08-05;Magazyn Zabrze;MM;MM-58;TAK;;90.0;MP;0.0;0.0;0.0;Zrębka Produkcyjna Leśna;B;;0.0;własny (Kretek);SK 7J885;40.0;5.0;200.0;Magazyn Pyskowice;Magazyn Zabrze;;Roesner Mateusz;2026-08-10 10:12:38;OP-MIGR-00301;;AKTYWNY
2026-08-05;Magazyn Pyskowice;2026-08-05;Magazyn Pyskowice;SPRZEDAŻ;WZ-4;TAK;KZR;90.0;MP;0.0;0.0;0.0;Zrębka Produkcyjna Leśna;B;;0.0;własny (Kretek);SK 7J885;107.0;5.0;535.0;Re Alloys, Łaziska;;;Roesner Mateusz;2026-08-10 10:14:09;OP-MIGR-00302;;AKTYWNY
2026-08-05;Magazyn Zabrze;2026-08-05;Magazyn Zabrze;MM;MM-59;TAK;;90.0;MP;0.0;0.0;0.0;Zrębka Produkcyjna Leśna;B;;0.0;własny (Wilczak);SK 7J884;40.0;5.0;200.0;Magazyn Pyskowice;Magazyn Zabrze;;Roesner Mateusz;2026-08-10 10:16:00;OP-MIGR-00303;;AKTYWNY
2026-08-05;Magazyn Pyskowice;2026-08-05;Magazyn Pyskowice;SPRZEDAŻ;WZ-5;TAK;KZR;90.0;MP;0.0;0.0;0.0;Zrębka Produkcyjna Leśna;B;;0.0;własny (Wilczak);SK 7J884;107.0;5.0;535.0;Re Alloys, Łaziska;;;Roesner Mateusz;2026-08-10 10:17:09;OP-MIGR-00304;;AKTYWNY
2026-08-05;Magazyn Zabrze;2026-08-05;Magazyn Zabrze;MM;MM-60;TAK;;90.0;MP;0.0;0.0;0.0;Zrębka Produkcyjna Leśna;B;;0.0;własny (Chrzan);SK 5K809;40.0;5.0;200.0;Magazyn Pyskowice;Magazyn Zabrze;;Roesner Mateusz;2026-08-10 10:19:30;OP-MIGR-00305;;AKTYWNY
2026-08-05;Magazyn Pyskowice;2026-08-05;Magazyn Pyskowice;SPRZEDAŻ;WZ-6;TAK;KZR;90.0;MP;0.0;0.0;0.0;Zrębka Produkcyjna Leśna;B;;0.0;własny (Chrzan);SK 5L809;107.0;5.0;535.0;Re Alloys, Łaziska;;;Roesner Mateusz;2026-08-10 10:20:34;OP-MIGR-00306;;AKTYWNY
2026-08-06;Magazyn Zabrze;2026-08-06;Magazyn Zabrze;MM;MM-61;TAK;;90.0;MP;0.0;0.0;0.0;Zrębka Produkcyjna Leśna;B;;0.0;własny (Kretek);SK 7J885;40.0;5.0;200.0;Magazyn Pyskowice;Magazyn Zabrze;;Roesner Mateusz;2026-08-10 10:22:26;OP-MIGR-00307;;AKTYWNY
2026-08-06;Magazyn Pyskowice;2026-08-06;Magazyn Pyskowice;SPRZEDAŻ;WZ-7;TAK;KZR;90.0;MP;0.0;0.0;0.0;Zrębka Produkcyjna Leśna;B;;0.0;własny (Kretek);SK 7J885;107.0;5.0;535.0;Re Alloys, Łaziska;;;Roesner Mateusz;2026-08-10 10:23:11;OP-MIGR-00308;;AKTYWNY
2026-08-06;Magazyn Zabrze;2026-08-06;Magazyn Zabrze;MM;MM-62;TAK;;90.0;MP;0.0;0.0;0.0;Zrębka Produkcyjna Leśna;B;;0.0;własny (Wilczak);SK 7J884;40.0;5.0;200.0;Magazyn Pyskowice;;;Roesner Mateusz;2026-08-10 10:25:07;OP-MIGR-00309;;AKTYWNY
2026-08-06;Magazyn Pyskowice;2026-08-06;Magazyn Pyskowice;SPRZEDAŻ;WZ-8;TAK;KZR;90.0;MP;0.0;0.0;0.0;Zrębka Produkcyjna Leśna;B;;0.0;własny (Wilczak);SK 7J884;107.0;5.0;535.0;Re Alloys, Łaziska;;;Roesner Mateusz;2026-08-10 10:26:08;OP-MIGR-00310;;AKTYWNY
2026-08-06;Magazyn Zabrze;2026-08-06;Magazyn Zabrze;MM;MM-63;TAK;;90.0;MP;0.0;0.0;0.0;Zrębka Produkcyjna Leśna;B;;0.0;własny (Chrzan);SK 5L809;40.0;5.0;200.0;Magazyn Pyskowice;;;Roesner Mateusz;2026-08-10 10:30:32;OP-MIGR-00311;;AKTYWNY
2026-08-06;Magazyn Pyskowice;2026-08-06;Magazyn Pyskowice;SPRZEDAŻ;WZ-9;TAK;KZR;90.0;MP;0.0;0.0;0.0;Zrębka Produkcyjna Leśna;B;;0.0;własny (Chrzan);SK 5L809;107.0;5.0;535.0;Re Alloys, Łaziska;;;Roesner Mateusz;2026-08-10 10:31:31;OP-MIGR-00312;;AKTYWNY
2026-08-06;Magazyn Zabrze;2026-08-06;Magazyn Zabrze;MM;MM-64;TAK;;90.0;MP;0.0;0.0;0.0;Zrębka Produkcyjna Leśna;B;;0.0;własny (Wilczak);SK 7J884;40.0;5.0;200.0;Magazyn Pyskowice;;;Roesner Mateusz;2026-08-10 10:33:44;OP-MIGR-00313;;AKTYWNY
2026-08-06;Magazyn Pyskowice;2026-08-06;Magazyn Pyskowice;SPRZEDAŻ;WZ-10;TAK;KZR;90.0;MP;0.0;0.0;0.0;Zrębka Produkcyjna Leśna;B;;0.0;własny (Wilczak);SK 7J884;107.0;5.0;535.0;Re Alloys, Łaziska;;;Roesner Mateusz;2026-08-10 10:34:29;OP-MIGR-00314;;AKTYWNY
2026-08-06;Magazyn Zabrze;2026-08-06;Magazyn Zabrze;MM;MM-65;TAK;;90.0;MP;0.0;0.0;0.0;Zrębka Produkcyjna Leśna;B;;0.0;własny (Chrzan);SK 5L809;40.0;5.0;200.0;Magazyn Pyskowice;;;Roesner Mateusz;2026-08-10 10:35:34;OP-MIGR-00315;;AKTYWNY
2026-08-06;Magazyn Pyskowice;2026-08-06;Magazyn Pyskowice;SPRZEDAŻ;WZ-11;TAK;KZR;90.0;MP;0.0;0.0;0.0;Zrębka Produkcyjna Leśna;B;;0.0;własny (Chrzan);SK 5L809;107.0;5.0;535.0;Re Alloys, Łaziska;;;Roesner Mateusz;2026-08-10 10:36:17;OP-MIGR-00316;;AKTYWNY
2026-08-07;Magazyn Zabrze;2026-08-07;Magazyn Zabrze;MM;MM-66;TAK;;90.0;MP;0.0;0.0;0.0;Zrębka Produkcyjna Leśna;B;;0.0;własny (Kretek);SK 7J885;40.0;5.0;200.0;Magazyn Pyskowice;;;Roesner Mateusz;2026-08-10 10:38:13;OP-MIGR-00317;;AKTYWNY
2026-08-07;Magazyn Pyskowice;2026-08-07;Magazyn Pyskowice;SPRZEDAŻ;WZ-12;TAK;KZR;90.0;MP;0.0;0.0;0.0;Zrębka Produkcyjna Leśna;B;;0.0;własny (Kretek);SK 7J885;107.0;5.0;535.0;Re Alloys, Łaziska;;;Roesner Mateusz;2026-08-10 10:38:55;OP-MIGR-00318;;AKTYWNY
2026-08-07;Magazyn Zabrze;2026-08-07;Magazyn Zabrze;MM;MM-67;TAK;;90.0;MP;0.0;0.0;0.0;Zrębka Produkcyjna Leśna;B;;0.0;własny (Wilczak);SK 7J884;40.0;5.0;200.0;Magazyn Pyskowice;;;Roesner Mateusz;2026-08-10 10:40:05;OP-MIGR-00319;;AKTYWNY
2026-08-07;Magazyn Pyskowice;2026-08-07;Magazyn Pyskowice;SPRZEDAŻ;WZ-13;TAK;KZR;90.0;MP;0.0;0.0;0.0;Zrębka Produkcyjna Leśna;B;;0.0;własny (Wilczak);SK 7J884;107.0;5.0;535.0;Re Alloys, Łaziska;;;Roesner Mateusz;2026-08-10 10:40:44;OP-MIGR-00320;;AKTYWNY
2026-08-07;Magazyn Zabrze;2026-08-07;Magazyn Zabrze;MM;MM-68;TAK;;90.0;MP;0.0;0.0;0.0;Zrębka Produkcyjna Leśna;B;;0.0;własny (Wilczak);SK 7J884;40.0;5.0;200.0;Magazyn Pyskowice;;;Roesner Mateusz;2026-08-15 13:36:32;OP-MIGR-00321;;AKTYWNY
2026-08-07;Magazyn Pyskowice;2026-08-07;Magazyn Pyskowice;SPRZEDAŻ;WZ-14;TAK;KZR;90.0;MP;0.0;0.0;0.0;Zrębka Produkcyjna Leśna;B;;0.0;własny (Wilczak);SK 7J884;107.0;5.0;535.0;Re Alloys, Łaziska;;;Roesner Mateusz;2026-08-15 13:37:36;OP-MIGR-00322;;AKTYWNY
2026-08-07;Magazyn Zabrze;2026-08-07;Magazyn Zabrze;MM;MM-69;TAK;;90.0;MP;0.0;0.0;0.0;Zrębka Produkcyjna Leśna;B;;0.0;własny (Kretek);SK 7J885;40.0;5.0;200.0;Magazyn Pyskowice;;;Roesner Mateusz;2026-08-15 20:25:31;OP-MIGR-00323;;AKTYWNY
2026-08-07;Magazyn Pyskowice;2026-08-07;Magazyn Pyskowice;SPRZEDAŻ;WZ-15;TAK;KZR;90.0;MP;0.0;0.0;0.0;Zrębka Produkcyjna Leśna;B;;0.0;własny (Kretek);SK 7J885;107.0;5.0;535.0;Re Alloys, Łaziska;;;Roesner Mateusz;2026-08-15 20:26:39;OP-MIGR-00324;;AKTYWNY
2026-08-07;Magazyn Zabrze;2026-08-07;Magazyn Zabrze;MM;MM-70;TAK;;90.0;MP;0.0;0.0;0.0;Zrębka Produkcyjna Leśna;B;;0.0;własny (Chrzan);SK 5L809;40.0;5.0;200.0;Magazyn Pyskowice;;;Roesner Mateusz;2026-08-15 20:32:08;OP-MIGR-00325;;AKTYWNY
2026-08-07;Magazyn Pyskowice;2026-08-07;Magazyn Pyskowice;SPRZEDAŻ;WZ-16;TAK;KZR;90.0;MP;0.0;0.0;0.0;Zrębka Produkcyjna Leśna;B;;0.0;własny (Chrzan);SK 5L809;107.0;5.0;535.0;Re Alloys, Łaziska;;;Roesner Mateusz;2026-08-15 20:33:11;OP-MIGR-00326;;AKTYWNY
2026-08-06;Gdańsk;2026-08-08;Port Północny Gdańsk;ZAKUP;PZ/5/ŁN;TAK;KZR;1158.85;TON;0.0;0.0;0.0;CNCS;;;0.0;DB Cargo;;0.0;0.0;0.0;Magazyn Zabrze;;43 wagony;Marcin Kwiatkowski;2026-08-21 13:59:53;OP-MIGR-00327;;AKTYWNY
2026-08-10;Magazyn Zabrze;2026-08-10;Magazyn Zabrze;MM;MM-71;TAK;;90.0;MP;0.0;0.0;0.0;Zrębka Produkcyjna Leśna;B;;0.0;własny (Kretek);SK 7J885;40.0;5.0;200.0;Magazyn Pyskowice;Magazyn Zabrze;;Marcin Kwiatkowski;2026-08-12 23:18:02;OP-MIGR-00328;;AKTYWNY
2026-08-10;Magazyn Pyskowice;2026-08-10;Magazyn Pyskowice;SPRZEDAŻ;WZ-17;TAK;KZR;90.0;MP;0.0;0.0;0.0;Zrębka Produkcyjna Leśna;B;;0.0;własny (Kretek);SK 7J885;107.0;5.0;535.0;Re Alloys, Łaziska;;;Marcin Kwiatkowski;2026-08-12 23:23:38;OP-MIGR-00329;;AKTYWNY
2026-08-10;Magazyn Zabrze;2026-08-10;Magazyn Zabrze;MM;MM-72;TAK;;90.0;MP;0.0;0.0;0.0;Zrębka Produkcyjna Leśna;B;;0.0;własny (Wilczak);SK 7J884;40.0;5.0;200.0;Magazyn Pyskowice;Magazyn Zabrze;;Marcin Kwiatkowski;2026-08-12 23:26:26;OP-MIGR-00330;;AKTYWNY
2026-08-10;Magazyn Pyskowice;2026-08-10;Magazyn Pyskowice;SPRZEDAŻ;WZ-18;TAK;KZR;90.0;MP;0.0;0.0;0.0;Zrębka Produkcyjna Leśna;B;;0.0;własny (Wilczak);SK 7J884;107.0;5.0;535.0;Re Alloys, Łaziska;;;Marcin Kwiatkowski;2026-08-12 23:29:37;OP-MIGR-00331;;AKTYWNY
2026-08-10;Magazyn Zabrze;2026-08-10;Magazyn Zabrze;MM;MM-73;TAK;;90.0;MP;0.0;0.0;0.0;Zrębka Produkcyjna Leśna;B;;0.0;własny (Wilczak);SK 7J884;40.0;5.0;200.0;Magazyn Pyskowice;Magazyn Zabrze;;Marcin Kwiatkowski;2026-08-12 23:32:23;OP-MIGR-00332;;AKTYWNY
2026-08-10;Magazyn Pyskowice;2026-08-10;Magazyn Pyskowice;SPRZEDAŻ;WZ-19;TAK;KZR;90.0;MP;0.0;0.0;0.0;Zrębka Produkcyjna Leśna;B;;0.0;własny (Wilczak);SK 7J884;107.0;5.0;535.0;Re Alloys, Łaziska;;;Marcin Kwiatkowski;2026-08-12 23:34:41;OP-MIGR-00333;;AKTYWNY
2026-08-10;Magazyn Brąszewice;2026-08-10;Magazyn Brąszewice;MM;MM-74;TAK;;80.0;MP;0.0;0.0;0.0;Zrębka Produkcyjna Drzewna;B;;0.0;własny (Chrzan);SK 5L809;340.0;5.0;1700.0;Magazyn Zabrze;Magazyn Brąszewice;;Marcin Kwiatkowski;2026-08-12 23:46:16;OP-MIGR-00334;;AKTYWNY
2026-08-10;;2026-08-10;Lander Agro;ZAKUP;PZ/31/D;TAK;KZR;29.96;M3;230.0;6890.8;0.0;Drewno opałowe z lasu;;;0.0;;;0.0;0.0;0.0;Magazyn Zabrze;;Waga b/d;Roesner Mateusz;2026-08-15 20:48:05;OP-MIGR-00335;;AKTYWNY
2026-08-10;;2026-08-10;Lander Agro;ZAKUP;PZ/32/D;TAK;KZR;28.16;M3;230.0;6476.8;0.0;Drewno opałowe z lasu;;;0.0;;;0.0;0.0;0.0;Magazyn Zabrze;;Waga: 21 940 kg;Marcin Kwiatkowski;2026-08-23 19:57:50;OP-MIGR-00336;;AKTYWNY
2026-08-11;;2026-08-11;NDL Chrzanów, Leśnictwo Mętków;ZAKUP;PZ/63  3/202624967/6162;TAK;Deklaracja;18.0;M3;141.0;2538.0;0.0;Drewno opałowe z lasu;B;;0.0;;;0.0;0.0;0.0;Magazyn Zabrze;Magazyn Zabrze;Waga: 23 180 kg;Marcin Kwiatkowski;2026-08-19 18:57:43;OP-MIGR-00337;;AKTYWNY
2026-08-11;;2026-08-11;Magazyn Zabrze;PRODUKCJA;PZ/63;TAK;Deklaracja;72.0;MP;0.0;0.0;0.0;Zrębka Produkcyjna Leśna;B;własne;10.0;;;0.0;0.0;0.0;Magazyn Zabrze;Magazyn Zabrze;Rębak z Brąszewic, rębakowy Łukasz Kempski;Marcin Kwiatkowski;2026-08-19 19:01:46;OP-MIGR-00338;;AKTYWNY
2026-08-11;;2026-08-11;Magazyn Zabrze;ZUŻYCIE;PZ/63;TAK;Deklaracja;72.0;MP;0.0;0.0;0.0;Zrębka Produkcyjna Leśna;B;własne;10.0;;;0.0;0.0;0.0;Magazyn Zabrze;Magazyn Zabrze;Automatyczne zużycie surowca do produkcji;;2026-08-19 19:01:47;OP-MIGR-00339;;AKTYWNY
2026-08-11;Mętków;2026-08-11;Magazyn Zabrze;ZAKUP;PZ/63;TAK;Deklaracja;72.0;MP;0.0;0.0;0.0;Zrębka Produkcyjna Leśna;B;;0.0;własny (Wilczak);SK 7J884;134.0;5.0;670.0;Magazyn Zabrze;Magazyn Zabrze;Urworzył: Marcin Kwiatkowski;;2026-08-19 19:07:43;OP-MIGR-00340;;AKTYWNY
2026-08-11;;2026-08-11;NDL Chrzanów, Leśnictwo Mętków;ZAKUP;PZ/64   3/202624967/6166;TAK;Deklaracja;18.0;M3;141.0;2538.0;0.0;Drewno opałowe z lasu;B;;0.0;;;0.0;0.0;0.0;Magazyn Zabrze;Magazyn Zabrze;Waga: 22 020 kg;Marcin Kwiatkowski;2026-08-20 08:33:05;OP-MIGR-00341;;AKTYWNY
2026-08-11;;2026-08-11;Magazyn Zabrze;PRODUKCJA;PZ/64;TAK;Deklaracja;72.0;MP;0.0;0.0;0.0;Zrębka Produkcyjna Leśna;B;własne;10.0;;;0.0;0.0;0.0;Magazyn Zabrze;Magazyn Zabrze;Rębak z Brąszewic, rębakowy Łukasz Kempski;Marcin Kwiatkowski;2026-08-20 08:47:06;OP-MIGR-00342;;AKTYWNY
2026-08-11;;2026-08-11;Magazyn Zabrze;ZUŻYCIE;PZ/64;TAK;Deklaracja;72.0;MP;0.0;0.0;0.0;Zrębka Produkcyjna Leśna;B;własne;10.0;;;0.0;0.0;0.0;Magazyn Zabrze;Magazyn Zabrze;Automatyczne zużycie surowca do produkcji;;2026-08-20 08:47:06;OP-MIGR-00343;;AKTYWNY
2026-08-11;Mętków;2026-08-11;Magazyn Zabrze;ZAKUP;PZ/64;TAK;Deklaracja;72.0;MP;0.0;0.0;0.0;Zrębka Produkcyjna Leśna;B;;0.0;własny (Wilczak);SK 7J884;134.0;5.0;670.0;Magazyn Zabrze;Magazyn Zabrze;;Marcin Kwiatkowski;2026-08-20 08:50:46;OP-MIGR-00344;;AKTYWNY
2026-08-11;;2026-08-11;NDL Chrzanów, Leśnictwo Mętków;ZAKUP;PZ/65   3/202624967/6163;TAK;Deklaracja;18.0;M3;141.0;2538.0;0.0;Drewno opałowe z lasu;;;0.0;;;0.0;0.0;0.0;Magazyn Zabrze;Magazyn Zabrze;Waga: 26280;Marcin Kwiatkowski;2026-08-20 08:56:12;OP-MIGR-00345;;AKTYWNY
2026-08-11;;2026-08-11;Magazyn Zabrze;PRODUKCJA;PZ/65;TAK;Deklaracja;72.0;MP;0.0;0.0;0.0;Zrębka Produkcyjna Leśna;B;własne;10.0;;;0.0;0.0;0.0;Magazyn Zabrze;Magazyn Zabrze;Rębak z Brąszewic, rębakowy Łukasz Kempski;Marcin Kwiatkowski;2026-08-20 09:00:08;OP-MIGR-00346;;AKTYWNY
2026-08-11;;2026-08-11;Magazyn Zabrze;ZUŻYCIE;PZ/65;TAK;Deklaracja;72.0;MP;0.0;0.0;0.0;Zrębka Produkcyjna Leśna;B;własne;10.0;;;0.0;0.0;0.0;Magazyn Zabrze;Magazyn Zabrze;Automatyczne zużycie surowca do produkcji;;2026-08-20 09:00:08;OP-MIGR-00347;;AKTYWNY
2026-08-11;Mętków;2026-08-11;Magazyn Zabrze;ZAKUP;PZ/65;TAK;Deklaracja;72.0;MP;0.0;0.0;0.0;Zrębka Produkcyjna Leśna;B;;0.0;własny (Chrzan);SK 5L809;134.0;5.0;670.0;Magazyn Zabrze;Magazyn Zabrze;;Marcin Kwiatkowski;2026-08-20 09:08:17;OP-MIGR-00348;;AKTYWNY
2026-08-11;;2026-08-11;NDL Chrzanów, Leśnictwo Mętków;ZAKUP;PZ/66   3/202624967/6168;TAK;Deklaracja;18.0;M3;141.0;2538.0;0.0;Drewno opałowe z lasu;;;0.0;;;0.0;0.0;0.0;Magazyn Zabrze;Magazyn Zabrze;Waga: 24 240 kg;Marcin Kwiatkowski;2026-08-20 10:10:52;OP-MIGR-00349;;AKTYWNY
2026-08-11;;2026-08-11;Magazyn Zabrze;PRODUKCJA;PZ/66;TAK;Deklaracja;72.0;MP;0.0;0.0;0.0;Zrębka Produkcyjna Leśna;B;własne;10.0;;;0.0;0.0;0.0;Magazyn Zabrze;Magazyn Zabrze;Rębak z Brąszewic, rębakowy Łukasz Kempski;Marcin Kwiatkowski;2026-08-20 10:13:04;OP-MIGR-00350;;AKTYWNY
2026-08-11;;2026-08-11;Magazyn Zabrze;ZUŻYCIE;PZ/66;TAK;Deklaracja;72.0;MP;0.0;0.0;0.0;Zrębka Produkcyjna Leśna;B;własne;10.0;;;0.0;0.0;0.0;Magazyn Zabrze;Magazyn Zabrze;Automatyczne zużycie surowca do produkcji;;2026-08-20 10:13:04;OP-MIGR-00351;;AKTYWNY
2026-08-11;Mętków;2026-08-11;Magazyn Zabrze;ZAKUP;PZ/66;TAK;Deklaracja;72.0;MP;0.0;0.0;0.0;Zrębka Produkcyjna Leśna;B;;0.0;własny (Chrzan);SK 5L809;134.0;5.0;670.0;Magazyn Zabrze;Magazyn Zabrze;;Marcin Kwiatkowski;2026-08-20 10:15:09;OP-MIGR-00352;;AKTYWNY
2026-08-11;;2026-08-11;NDL Chrzanów, Leśnictwo Mętków;ZAKUP;PZ/67   3/202624967/6165;TAK;Deklaracja;18.0;M3;141.0;2538.0;0.0;Drewno opałowe z lasu;;;0.0;;;0.0;0.0;0.0;Magazyn Zabrze;Magazyn Zabrze;Waga: 23 880 kg;Marcin Kwiatkowski;2026-08-20 14:28:53;OP-MIGR-00353;;AKTYWNY
2026-08-11;;2026-08-11;Magazyn Zabrze;PRODUKCJA;PZ/67;TAK;Deklaracja;72.0;MP;0.0;0.0;0.0;Zrębka Produkcyjna Leśna;B;własne;10.0;;;0.0;0.0;0.0;Magazyn Zabrze;Magazyn Zabrze;Rębak z Brąszewic, rębakowy Łukasz Kempski;Marcin Kwiatkowski;2026-08-20 14:30:47;OP-MIGR-00354;;AKTYWNY
2026-08-11;;2026-08-11;Magazyn Zabrze;ZUŻYCIE;PZ/67;TAK;Deklaracja;72.0;MP;0.0;0.0;0.0;Zrębka Produkcyjna Leśna;B;własne;10.0;;;0.0;0.0;0.0;Magazyn Zabrze;Magazyn Zabrze;Automatyczne zużycie surowca do produkcji;;2026-08-20 14:30:47;OP-MIGR-00355;;AKTYWNY
2026-08-11;Mętków;2026-08-11;Magazyn Zabrze;ZAKUP;PZ/67;TAK;Deklaracja;72.0;MP;0.0;0.0;0.0;Zrębka Produkcyjna Leśna;B;;0.0;własny (Kretek);SK 7J885;134.0;5.0;670.0;Magazyn Zabrze;Magazyn Zabrze;;Marcin Kwiatkowski;2026-08-20 14:32:24;OP-MIGR-00356;;AKTYWNY
2026-08-11;;2026-08-11;NDL Chrzanów, Leśnictwo Mętków;ZAKUP;PZ/68   3/202624967/6168;TAK;Deklaracja;18.0;M3;141.0;2538.0;0.0;Drewno opałowe z lasu;;;0.0;;;0.0;0.0;0.0;Magazyn Zabrze;Magazyn Zabrze;Waga: 22 260 kg;Marcin Kwiatkowski;2026-08-20 14:35:05;OP-MIGR-00357;;AKTYWNY
2026-08-11;;2026-08-11;Magazyn Zabrze;PRODUKCJA;PZ/68;TAK;Deklaracja;72.0;MP;0.0;0.0;0.0;Zrębka Produkcyjna Leśna;B;własne;10.0;;;0.0;0.0;0.0;Magazyn Zabrze;Magazyn Zabrze;Rębak z Brąszewic, rębakowy Łukasz Kempski;Marcin Kwiatkowski;2026-08-20 14:37:02;OP-MIGR-00358;;AKTYWNY
2026-08-11;;2026-08-11;Magazyn Zabrze;ZUŻYCIE;PZ/68;TAK;Deklaracja;72.0;MP;0.0;0.0;0.0;Zrębka Produkcyjna Leśna;B;własne;10.0;;;0.0;0.0;0.0;Magazyn Zabrze;Magazyn Zabrze;Automatyczne zużycie surowca do produkcji;;2026-08-20 14:37:02;OP-MIGR-00359;;AKTYWNY
2026-08-11;Mętków;2026-08-11;Magazyn Zabrze;ZAKUP;PZ/68;TAK;Deklaracja;72.0;MP;0.0;0.0;0.0;Zrębka Produkcyjna Leśna;B;;0.0;własny (Kretek);SK 7J885;134.0;5.0;670.0;Magazyn Zabrze;Magazyn Zabrze;;Marcin Kwiatkowski;2026-08-20 14:38:36;OP-MIGR-00360;;AKTYWNY
2026-08-11;;2026-08-11;GWood;ZAKUP;PZ/69   WZ 01/08/26;TAK;Deklaracja;92.0;MP;117.0;10764.0;0.0;Zrębka towar;B;;0.0;;;0.0;0.0;0.0;Magazyn Zabrze;;;Marcin Kwiatkowski;2026-08-20 14:46:11;OP-MIGR-00361;;AKTYWNY
2026-08-12;;2026-08-12;Lander Agro;ZAKUP;PZ/33/D;TAK;KZR;30.0;M3;230.0;6900.0;0.0;Drewno opałowe z lasu;;;0.0;;;0.0;0.0;0.0;Magazyn Zabrze;;Waga b/d;Roesner Mateusz;2026-08-15 21:01:11;OP-MIGR-00378;;AKTYWNY
2026-08-12;;2026-08-12;Lander Agro;ZAKUP;PZ/34/D;TAK;KZR;23.17;M3;230.0;5329.1;0.0;Drewno opałowe z lasu;;;0.0;;;0.0;0.0;0.0;Magazyn Zabrze;;Waga b/d;Roesner Mateusz;2026-08-15 21:04:39;OP-MIGR-00379;;AKTYWNY
2026-08-12;;2026-08-12;Lander Agro;ZAKUP;PZ/35/D;TAK;KZR;28.06;M3;230.0;6453.8;0.0;Drewno opałowe z lasu;;;0.0;;;0.0;0.0;0.0;Magazyn Zabrze;;Waga b/d;Roesner Mateusz;2026-08-15 21:13:30;OP-MIGR-00380;;AKTYWNY
2026-08-12;;2026-08-12;NDL Świerklaniec, Leśnictwo Mieczysko;ZAKUP;PZ/70   202632708/6668;TAK;Deklaracja;17.0;M3;112.0;1904.0;0.0;Drewno opałowe z lasu;;;0.0;;;0.0;0.0;0.0;Magazyn Zabrze;;Waga: 23 140 kg;Marcin Kwiatkowski;2026-08-20 14:53:25;OP-MIGR-00362;;AKTYWNY
2026-08-12;;2026-08-12;Magazyn Zabrze;PRODUKCJA;PZ/70;TAK;Deklaracja;68.0;MP;0.0;0.0;0.0;Zrębka Produkcyjna Leśna;B;własne;10.0;;;0.0;0.0;0.0;Magazyn Zabrze;Magazyn Zabrze;Rębak z Brąszewic, rębakowy Łukasz Kempski;Marcin Kwiatkowski;2026-08-20 14:55:21;OP-MIGR-00363;;AKTYWNY
2026-08-12;;2026-08-12;Magazyn Zabrze;ZUŻYCIE;PZ/70;TAK;Deklaracja;68.0;MP;0.0;0.0;0.0;Zrębka Produkcyjna Leśna;B;własne;10.0;;;0.0;0.0;0.0;Magazyn Zabrze;Magazyn Zabrze;Automatyczne zużycie surowca do produkcji;;2026-08-20 14:55:21;OP-MIGR-00364;;AKTYWNY
2026-08-12;Mieczysko;2026-08-12;Magazyn Zabrze;ZAKUP;PZ/70;TAK;Deklaracja;68.0;MP;0.0;0.0;0.0;Zrębka Produkcyjna Leśna;B;;0.0;własny (Chrzan);SK 5L809;62.0;5.0;310.0;Magazyn Zabrze;Magazyn Zabrze;;Marcin Kwiatkowski;2026-08-20 14:59:09;OP-MIGR-00365;;AKTYWNY
2026-08-12;;2026-08-12;NDL Świerklaniec, Leśnictwo Mieczysko;ZAKUP;PZ/71   3/202632708/6667;TAK;Deklaracja;17.0;MP;112.0;1904.0;0.0;Drewno opałowe z lasu;;;0.0;;;0.0;0.0;0.0;Magazyn Zabrze;Magazyn Zabrze;Waga: 24 700 kg;Marcin Kwiatkowski;2026-08-20 15:05:41;OP-MIGR-00366;;AKTYWNY
2026-08-12;;2026-08-12;Magazyn Zabrze;PRODUKCJA;PZ/71;TAK;Deklaracja;68.0;MP;0.0;0.0;0.0;Zrębka Produkcyjna Leśna;B;własne;10.0;;;0.0;0.0;0.0;Magazyn Zabrze;Magazyn Zabrze;Rębak z Brąszewic, rębakowy Łukasz Kempski;Marcin Kwiatkowski;2026-08-20 15:07:04;OP-MIGR-00367;;AKTYWNY
2026-08-12;;2026-08-12;Magazyn Zabrze;ZUŻYCIE;PZ/71;TAK;Deklaracja;68.0;MP;0.0;0.0;0.0;Zrębka Produkcyjna Leśna;B;własne;10.0;;;0.0;0.0;0.0;Magazyn Zabrze;Magazyn Zabrze;Automatyczne zużycie surowca do produkcji;;2026-08-20 15:07:04;OP-MIGR-00368;;AKTYWNY
2026-08-12;Mieczysko;2026-08-12;Magazyn Zabrze;ZAKUP;PZ/71;TAK;Deklaracja;68.0;MP;0.0;0.0;0.0;Zrębka Produkcyjna Leśna;B;;0.0;własny (Wilczak);SK 7J884;62.0;5.0;310.0;Magazyn Zabrze;;;Marcin Kwiatkowski;2026-08-20 15:08:46;OP-MIGR-00369;;AKTYWNY
2026-08-12;;2026-08-12;NDL Świerklaniec, Leśnictwo Mieczysko;ZAKUP;PZ/72   3/2026/32708/6666;TAK;Deklaracja;17.0;M3;112.0;1904.0;0.0;Drewno opałowe z lasu;B;;0.0;;;0.0;0.0;0.0;Magazyn Zabrze;Magazyn Zabrze;Waga: 22 780 kg Utworzył Marcin Kwiatkowski;;2026-08-20 15:11:28;OP-MIGR-00370;;AKTYWNY
2026-08-12;;2026-08-12;Magazyn Zabrze;PRODUKCJA;PZ/72;TAK;Deklaracja;68.0;MP;0.0;0.0;0.0;Zrębka Produkcyjna Leśna;B;własne;10.0;;;0.0;0.0;0.0;Magazyn Zabrze;Magazyn Zabrze;Rębak z Brąszewic, rębakowy Łukasz Kempski;Marcin Kwiatkowski;2026-08-20 15:12:47;OP-MIGR-00371;;AKTYWNY
2026-08-12;;2026-08-12;Magazyn Zabrze;ZUŻYCIE;PZ/72;TAK;Deklaracja;68.0;MP;0.0;0.0;0.0;Zrębka Produkcyjna Leśna;B;własne;10.0;;;0.0;0.0;0.0;Magazyn Zabrze;Magazyn Zabrze;Automatyczne zużycie surowca do produkcji;;2026-08-20 15:12:47;OP-MIGR-00372;;AKTYWNY
2026-08-12;Mieczysko;2026-08-12;Magazyn Zabrze;ZAKUP;PZ/72;TAK;Deklaracja;68.0;MP;0.0;0.0;0.0;Zrębka Produkcyjna Leśna;B;;0.0;własny (Kretek);SK 7J885;62.0;5.0;310.0;Magazyn Zabrze;Magazyn Zabrze;;Marcin Kwiatkowski;2026-08-20 15:15:45;OP-MIGR-00373;;AKTYWNY
2026-08-12;;2026-08-12;NDL Świerklaniec, Leśnictwo Mieczysko;ZAKUP;PZ/73   3/202632708/6669;TAK;Deklaracja;17.0;M3;112.0;1904.0;0.0;Drewno opałowe z lasu;;;0.0;;;0.0;0.0;0.0;Magazyn Zabrze;Magazyn Zabrze;Waga: 22 480 kg;Marcin Kwiatkowski;2026-08-20 15:18:45;OP-MIGR-00374;;AKTYWNY
2026-08-12;;2026-08-12;Magazyn Zabrze;PRODUKCJA;PZ/73;TAK;Deklaracja;68.0;MP;0.0;0.0;0.0;Zrębka Produkcyjna Leśna;B;własne;10.0;;;0.0;0.0;0.0;Magazyn Zabrze;Magazyn Zabrze;Rębak z Brąszewic, rębakowy Łukasz Kempski;Marcin Kwiatkowski;2026-08-20 15:20:07;OP-MIGR-00375;;AKTYWNY
2026-08-12;;2026-08-12;Magazyn Zabrze;ZUŻYCIE;PZ/73;TAK;Deklaracja;68.0;MP;0.0;0.0;0.0;Zrębka Produkcyjna Leśna;B;własne;10.0;;;0.0;0.0;0.0;Magazyn Zabrze;Magazyn Zabrze;Automatyczne zużycie surowca do produkcji;;2026-08-20 15:20:07;OP-MIGR-00376;;AKTYWNY
2026-08-12;Mieczysko;2026-08-12;Magazyn Zabrze;ZAKUP;PZ/73;TAK;Deklaracja;68.0;MP;0.0;0.0;0.0;Zrębka Produkcyjna Leśna;B;;0.0;własny (Wilczak);SK 7J884;62.0;5.0;310.0;Magazyn Zabrze;;;Marcin Kwiatkowski;2026-08-20 15:22:03;OP-MIGR-00377;;AKTYWNY
2026-08-13;;2026-08-13;Walber;ZAKUP;PZ/74;TAK;KZR;26.86;TON;275.0;7386.5;0.0;Zrębka towar;B;;0.0;;;0.0;0.0;0.0;Magazyn Zabrze;;85 mp;Marcin Kwiatkowski;2026-08-21 12:40:30;OP-MIGR-00381;;AKTYWNY
2026-08-13;;2026-08-13;Walber;ZAKUP;PZ/75;TAK;KZR;23.72;TON;275.0;6523.0;0.0;Zrębka towar;B;;0.0;;;0.0;0.0;0.0;Magazyn Zabrze;;75 mp;Marcin Kwiatkowski;2026-08-21 13:06:05;OP-MIGR-00382;;AKTYWNY
2026-08-14;;2026-08-14;Lander Agro;ZAKUP;PZ/36/D;TAK;KZR;29.11;M3;230.0;6695.3;0.0;Drewno opałowe z lasu;;;0.0;;;0.0;0.0;0.0;Magazyn Zabrze;;Waga b/d;Roesner Mateusz;2026-08-15 21:11:16;OP-MIGR-00383;;AKTYWNY
2026-08-14;;2026-08-14;Lander Agro;ZAKUP;PZ/37/D;TAK;KZR;31.7;M3;230.0;7291.0;0.0;Drewno opałowe z lasu;;;0.0;;;0.0;0.0;0.0;Magazyn Zabrze;;Waga: 21 260 kg;Marcin Kwiatkowski;2026-08-23 19:32:26;OP-MIGR-00384;;AKTYWNY
2026-08-17;Brąszewice;2026-08-17;Magazyn Brąszewice;MM;MM-75;TAK;;84.0;MP;0.0;0.0;0.0;Zrębka Produkcyjna Drzewna;B;;0.0;własny (Chrzan);SK 5L809;340.0;5.0;1700.0;Magazyn Zabrze;;Waga: 24 420 kg;Marcin Kwiatkowski;2026-08-21 13:13:31;OP-MIGR-00385;;AKTYWNY
2026-08-17;Brąszewice;2026-08-17;Magazyn Brąszewice;MM;MM-76;TAK;;87.0;MP;0.0;0.0;0.0;Zrębka Produkcyjna Drzewna;B;;0.0;własny (Adrian Wojciechowski);SK 5J756;340.0;5.0;1700.0;Magazyn Zabrze;;Kierowca z Brąszewic Waga: 28 800 kg Utwotzył: Marcin Kwiatkowski;;2026-08-21 13:17:22;OP-MIGR-00386;;AKTYWNY
2026-08-17;;2026-08-17;NDL Świerklaniec, Leśnictwo Mieczysko;ZAKUP;PZ/76   3/202632708/6671;TAK;Deklaracja;20.0;M3;112.0;2240.0;0.0;Drewno opałowe z lasu;;;0.0;;;0.0;0.0;0.0;Magazyn Zabrze;;Waga: 22 880 kg;Marcin Kwiatkowski;2026-08-21 13:20:46;OP-MIGR-00387;;AKTYWNY
2026-08-17;;2026-08-17;Magazyn Zabrze;PRODUKCJA;PZ/76;TAK;Deklaracja;80.0;MP;0.0;0.0;0.0;Zrębka Produkcyjna Leśna;B;własne;10.0;;;0.0;0.0;0.0;Magazyn Zabrze;Magazyn Zabrze;Rębak z Brąszewic, rębakowy Łukasz Kempski;Marcin Kwiatkowski;2026-08-21 13:22:19;OP-MIGR-00388;;AKTYWNY
2026-08-17;;2026-08-17;Magazyn Zabrze;ZUŻYCIE;PZ/76;TAK;Deklaracja;80.0;MP;0.0;0.0;0.0;Zrębka Produkcyjna Leśna;B;własne;10.0;;;0.0;0.0;0.0;Magazyn Zabrze;Magazyn Zabrze;Automatyczne zużycie surowca do produkcji;;2026-08-21 13:22:19;OP-MIGR-00389;;AKTYWNY
2026-08-17;Mieczysko;2026-08-17;Magazyn Zabrze;ZAKUP;PZ/76;TAK;Deklaracja;80.0;MP;0.0;0.0;0.0;Zrębka Produkcyjna Leśna;B;;0.0;własny (Kretek);SK 7J885;62.0;5.0;310.0;Magazyn Zabrze;;;Marcin Kwiatkowski;2026-08-21 13:30:26;OP-MIGR-00390;;AKTYWNY
2026-08-17;;2026-08-17;NDL Świerklaniec, Leśnictwo Mieczysko;ZAKUP;PZ/77   3/202632708/6672;TAK;Deklaracja;20.0;M3;112.0;2240.0;0.0;Drewno opałowe z lasu;;;0.0;;;0.0;0.0;0.0;Magazyn Zabrze;;Waga: 20 400 kg;Marcin Kwiatkowski;2026-08-21 13:42:22;OP-MIGR-00391;;AKTYWNY
2026-08-17;;2026-08-17;Magazyn Zabrze;PRODUKCJA;PZ/77;TAK;Deklaracja;80.0;MP;0.0;0.0;0.0;Zrębka Produkcyjna Leśna;B;własne;10.0;;;0.0;0.0;0.0;Magazyn Zabrze;Magazyn Zabrze;Rębak z Brąszewic, rębakowy Łukasz Kempski;Marcin Kwiatkowski;2026-08-21 13:43:43;OP-MIGR-00392;;AKTYWNY
2026-08-17;;2026-08-17;Magazyn Zabrze;ZUŻYCIE;PZ/77;TAK;Deklaracja;80.0;MP;0.0;0.0;0.0;Zrębka Produkcyjna Leśna;B;własne;10.0;;;0.0;0.0;0.0;Magazyn Zabrze;Magazyn Zabrze;Automatyczne zużycie surowca do produkcji;;2026-08-21 13:43:43;OP-MIGR-00393;;AKTYWNY
2026-08-17;Mieczysko;2026-08-17;Magazyn Zabrze;ZAKUP;PZ/77;TAK;Deklaracja;80.0;MP;0.0;0.0;0.0;Zrębka Produkcyjna Leśna;B;;0.0;własny (Wilczak);SK 7J884;62.0;5.0;310.0;Magazyn Zabrze;;;Marcin Kwiatkowski;2026-08-21 13:45:05;OP-MIGR-00394;;AKTYWNY
2026-08-17;;2026-08-17;NDL Świerklaniec, Leśnictwo Mieczysko;ZAKUP;PZ/78   3/202632708/6673;TAK;Deklaracja;20.0;M3;112.0;2240.0;0.0;Drewno opałowe z lasu;;;0.0;;;0.0;0.0;0.0;Magazyn Zabrze;;Waga: 21 340 kg;Marcin Kwiatkowski;2026-08-21 13:47:20;OP-MIGR-00395;;AKTYWNY
2026-08-17;;2026-08-17;Magazyn Zabrze;PRODUKCJA;PZ/78;TAK;Deklaracja;80.0;MP;0.0;0.0;0.0;Zrębka Produkcyjna Leśna;B;własne;10.0;;;0.0;0.0;0.0;Magazyn Zabrze;Magazyn Zabrze;Rębak z Brąszewic, rębakowy Łukasz Kempski;Marcin Kwiatkowski;2026-08-21 13:50:35;OP-MIGR-00396;;AKTYWNY
2026-08-17;;2026-08-17;Magazyn Zabrze;ZUŻYCIE;PZ/78;TAK;Deklaracja;80.0;MP;0.0;0.0;0.0;Zrębka Produkcyjna Leśna;B;własne;10.0;;;0.0;0.0;0.0;Magazyn Zabrze;Magazyn Zabrze;Automatyczne zużycie surowca do produkcji;;2026-08-21 13:50:35;OP-MIGR-00397;;AKTYWNY
2026-08-17;Mieczysko;2026-08-17;Magazyn Zabrze;ZAKUP;PZ/78;TAK;Deklaracja;80.0;MP;0.0;0.0;0.0;Zrębka Produkcyjna Leśna;B;;0.0;własny (Chrzan);SK 5L809;62.0;5.0;310.0;Magazyn Zabrze;;;Marcin Kwiatkowski;2026-08-21 13:56:10;OP-MIGR-00398;;AKTYWNY
2026-08-17;;2026-08-17;NDL Świerklaniec, Leśnictwo Mieczysko;ZAKUP;PZ/79   3/202632708/6674;TAK;Deklaracja;20.0;M3;112.0;2240.0;0.0;Drewno opałowe z lasu;;;0.0;;;0.0;0.0;0.0;Magazyn Zabrze;;Waga: 20 760 kg;Marcin Kwiatkowski;2026-08-21 14:47:11;OP-MIGR-00399;;AKTYWNY
2026-08-17;;2026-08-17;Magazyn Zabrze;PRODUKCJA;PZ/79;TAK;Deklaracja;80.0;MP;0.0;0.0;0.0;Zrębka Produkcyjna Leśna;B;własne;10.0;;;0.0;0.0;0.0;Magazyn Zabrze;Magazyn Zabrze;Rębak z Brąszewic, rębakowy Łukasz Kempski;Marcin Kwiatkowski;2026-08-21 14:52:44;OP-MIGR-00400;;AKTYWNY
2026-08-17;;2026-08-17;Magazyn Zabrze;ZUŻYCIE;PZ/79;TAK;Deklaracja;80.0;MP;0.0;0.0;0.0;Zrębka Produkcyjna Leśna;B;własne;10.0;;;0.0;0.0;0.0;Magazyn Zabrze;Magazyn Zabrze;Automatyczne zużycie surowca do produkcji;;2026-08-21 14:52:44;OP-MIGR-00401;;AKTYWNY
2026-08-17;Mieczysko;2026-08-17;Magazyn Zabrze;ZAKUP;PZ/79;TAK;Deklaracja;80.0;MP;0.0;0.0;0.0;Zrębka Produkcyjna Leśna;B;;0.0;własny (Adrian Wojciechowski);SK 5J756;62.0;5.0;310.0;Magazyn Zabrze;;Kierowca z Brąszewic;Marcin Kwiatkowski;2026-08-21 14:56:40;OP-MIGR-00402;;AKTYWNY
2026-08-17;;2026-08-17;NDL Świerklaniec, Leśnictwo Mieczysko;ZAKUP;PZ/80   3/202632708/6675;TAK;Deklaracja;10.0;M3;112.0;1120.0;0.0;Drewno opałowe z lasu;;;0.0;;;0.0;0.0;0.0;Magazyn Zabrze;;Waga: 16 360 kg;Marcin Kwiatkowski;2026-08-21 15:05:54;OP-MIGR-00403;;AKTYWNY
2026-08-17;;2026-08-17;Magazyn Zabrze;PRODUKCJA;PZ/80;TAK;Deklaracja;40.0;MP;0.0;0.0;0.0;Zrębka Produkcyjna Leśna;B;własne;10.0;;;0.0;0.0;0.0;Magazyn Zabrze;Magazyn Zabrze;Rębak z Brąszewic, rębakowy Łukasz Kempski;Marcin Kwiatkowski;2026-08-23 19:03:54;OP-MIGR-00404;;AKTYWNY
2026-08-17;;2026-08-17;Magazyn Zabrze;ZUŻYCIE;PZ/80;TAK;Deklaracja;40.0;MP;0.0;0.0;0.0;Zrębka Produkcyjna Leśna;B;własne;10.0;;;0.0;0.0;0.0;Magazyn Zabrze;Magazyn Zabrze;Automatyczne zużycie surowca do produkcji;;2026-08-23 19:03:54;OP-MIGR-00405;;AKTYWNY
2026-08-17;Mieczysko;2026-08-17;Magazyn Zabrze;ZAKUP;PZ/80;TAK;Deklaracja;40.0;MP;0.0;0.0;0.0;Zrębka Produkcyjna Leśna;B;;0.0;własny (Kretek);SK 7J885;62.0;5.0;310.0;Magazyn Zabrze;;;Marcin Kwiatkowski;2026-08-23 19:06:00;OP-MIGR-00406;;AKTYWNY
2026-08-18;;2026-08-18;Lander Agro;ZAKUP;PZ/38/D;TAK;KZR;29.68;MP;230.0;6826.4;0.0;Drewno opałowe z lasu;;;0.0;;;0.0;0.0;0.0;Magazyn Zabrze;;Waga: 22 300 kg;Marcin Kwiatkowski;2026-08-23 19:39:46;OP-MIGR-00407;;AKTYWNY
2026-08-18;;2026-08-18;Lander Agro;ZAKUP;PZ/39/D;TAK;KZR;29.82;M3;230.0;6858.6;0.0;Drewno opałowe z lasu;;;0.0;;;0.0;0.0;0.0;Magazyn Zabrze;;Waga: 22 400 kg;Marcin Kwiatkowski;2026-08-23 19:42:17;OP-MIGR-00408;;AKTYWNY
2026-08-18;;2026-08-18;Grandpol;ZAKUP;PZ/81;NIE;KZR;74.0;MP;45.0;3330.0;0.0;Drewno przemysłowe z wycinek inwest.;;;0.0;;;0.0;0.0;0.0;Magazyn Zabrze;;Waga: 24 360 kg;Marcin Kwiatkowski;2026-08-23 19:47:49;OP-MIGR-00409;;AKTYWNY
2026-08-18;;2026-08-18;Magazyn Zabrze;PRODUKCJA;PZ/81;TAK;KZR;74.0;MP;0.0;0.0;0.0;Zrębka Produkcyjna Inwestycyjna;B;własne;10.0;;;0.0;0.0;0.0;Magazyn Zabrze;Magazyn Zabrze;Rębak z Brąszewic, rębakowy Łukasz Kempski;Marcin Kwiatkowski;2026-08-23 19:49:35;OP-MIGR-00410;;AKTYWNY
2026-08-18;;2026-08-18;Magazyn Zabrze;ZUŻYCIE;PZ/81;TAK;KZR;74.0;MP;0.0;0.0;0.0;Zrębka Produkcyjna Inwestycyjna;B;własne;10.0;;;0.0;0.0;0.0;Magazyn Zabrze;Magazyn Zabrze;Automatyczne zużycie surowca do produkcji;;2026-08-23 19:49:35;OP-MIGR-00411;;AKTYWNY
2026-08-18;Ściborzyce;2026-08-18;Magazyn Zabrze;ZAKUP;PZ/81;TAK;KZR;74.0;MP;0.0;0.0;0.0;Zrębka Produkcyjna Inwestycyjna;B;;0.0;własny (Chrzan);SK 5L809;210.0;5.0;1050.0;Magazyn Zabrze;;;Marcin Kwiatkowski;2026-08-23 19:53:48;OP-MIGR-00412;;AKTYWNY
2026-08-18;;2026-08-18;Grandpol;ZAKUP;PZ/82;NIE;KZR;76.0;MP;45.0;3420.0;0.0;Drewno przemysłowe z wycinek inwest.;;;0.0;;;0.0;0.0;0.0;Magazyn Zabrze;;Waga: 22 420 kg;Marcin Kwiatkowski;2026-08-23 20:02:46;OP-MIGR-00413;;AKTYWNY
2026-08-18;;2026-08-18;Magazyn Zabrze;PRODUKCJA;PZ/82;TAK;KZR;76.0;MP;0.0;0.0;0.0;Zrębka Produkcyjna Inwestycyjna;B;własne;10.0;;;0.0;0.0;0.0;Magazyn Zabrze;Magazyn Zabrze;Rębak z Brąszewic, rębakowy Łukasz Kempski;Marcin Kwiatkowski;2026-08-23 20:04:16;OP-MIGR-00414;;AKTYWNY
2026-08-18;;2026-08-18;Magazyn Zabrze;ZUŻYCIE;PZ/82;TAK;KZR;76.0;MP;0.0;0.0;0.0;Zrębka Produkcyjna Inwestycyjna;B;własne;10.0;;;0.0;0.0;0.0;Magazyn Zabrze;Magazyn Zabrze;Automatyczne zużycie surowca do produkcji;;2026-08-23 20:04:16;OP-MIGR-00415;;AKTYWNY
2026-08-18;Ściborzyce;2026-08-18;Magazyn Zabrze;ZAKUP;PZ/82;TAK;KZR;76.0;MP;0.0;0.0;0.0;Zrębka Produkcyjna Inwestycyjna;B;;0.0;własny (Wilczak);SK 7J884;210.0;5.0;1050.0;Magazyn Zabrze;;;Marcin Kwiatkowski;2026-08-23 20:05:41;OP-MIGR-00416;;AKTYWNY
2026-08-18;;2026-08-18;Grandpol;ZAKUP;PZ/83;NIE;KZR;75.0;MP;45.0;3375.0;0.0;Drewno przemysłowe z wycinek inwest.;;;0.0;;;0.0;0.0;0.0;Magazyn Zabrze;;Waga: 22 000 kg;Marcin Kwiatkowski;2026-08-23 20:10:33;OP-MIGR-00417;;AKTYWNY
2026-08-18;;2026-08-18;Magazyn Zabrze;PRODUKCJA;PZ/83;TAK;KZR;75.0;MP;0.0;0.0;0.0;Zrębka Produkcyjna Inwestycyjna;B;własne;10.0;;;0.0;0.0;0.0;Magazyn Zabrze;Magazyn Zabrze;Rębak z Brąszewic, rębakowy Łukasz Kempski;Marcin Kwiatkowski;2026-08-23 20:12:00;OP-MIGR-00418;;AKTYWNY
2026-08-18;;2026-08-18;Magazyn Zabrze;ZUŻYCIE;PZ/83;TAK;KZR;75.0;MP;0.0;0.0;0.0;Zrębka Produkcyjna Inwestycyjna;B;własne;10.0;;;0.0;0.0;0.0;Magazyn Zabrze;Magazyn Zabrze;Automatyczne zużycie surowca do produkcji;;2026-08-23 20:12:01;OP-MIGR-00419;;AKTYWNY
2026-08-18;Ściborzyce;2026-08-18;Magazyn Zabrze;ZAKUP;PZ/83;TAK;KZR;75.0;MP;0.0;0.0;0.0;Zrębka Produkcyjna Inwestycyjna;B;;0.0;własny (Adrian Wojciechowski);SK 5J756;210.0;5.0;1050.0;Magazyn Zabrze;;Kierowca z Brąszewic;Marcin Kwiatkowski;2026-08-23 20:14:14;OP-MIGR-00420;;AKTYWNY
2026-08-18;;2026-08-18;Grandpol;ZAKUP;PZ/84;NIE;KZR;75.0;MP;45.0;3375.0;0.0;Drewno przemysłowe z wycinek inwest.;;;0.0;;;0.0;0.0;0.0;Magazyn Zabrze;;Waga: 22 760 kg;Marcin Kwiatkowski;2026-08-23 20:21:48;OP-MIGR-00421;;AKTYWNY
2026-08-18;;2026-08-18;Magazyn Zabrze;PRODUKCJA;PZ/84;TAK;KZR;75.0;MP;0.0;0.0;0.0;Zrębka Produkcyjna Inwestycyjna;B;własne;10.0;;;0.0;0.0;0.0;Magazyn Zabrze;Magazyn Zabrze;Rębak z Brąszewic, rębakowy Łukasz Kempski;Marcin Kwiatkowski;2026-08-23 20:22:57;OP-MIGR-00422;;AKTYWNY
2026-08-18;;2026-08-18;Magazyn Zabrze;ZUŻYCIE;PZ/84;TAK;KZR;75.0;MP;0.0;0.0;0.0;Zrębka Produkcyjna Inwestycyjna;B;własne;10.0;;;0.0;0.0;0.0;Magazyn Zabrze;Magazyn Zabrze;Automatyczne zużycie surowca do produkcji;;2026-08-23 20:22:57;OP-MIGR-00423;;AKTYWNY
2026-08-18;Ściborzyce;2026-08-18;Magazyn Zabrze;ZAKUP;PZ/84;TAK;KZR;75.0;MP;0.0;0.0;0.0;Zrębka Produkcyjna Inwestycyjna;B;;0.0;własny (Łukasz Wojciechowski);SK 7J885;210.0;5.0;1050.0;Magazyn Zabrze;;Kierowca z Brąszewic, jechał pojazdem Tomasza Kretka;Marcin Kwiatkowski;2026-08-23 20:25:03;OP-MIGR-00424;;AKTYWNY
2026-08-18;;2026-08-18;Grandpol;ZAKUP;PZ/85;NIE;KZR;82.0;MP;45.0;3690.0;0.0;Drewno przemysłowe z wycinek inwest.;;;0.0;;;0.0;0.0;0.0;Magazyn Zabrze;;Waga: 21 320 kg;Marcin Kwiatkowski;2026-08-23 20:28:57;OP-MIGR-00425;;AKTYWNY
2026-08-18;;2026-08-18;Magazyn Zabrze;PRODUKCJA;PZ/85;TAK;KZR;82.0;MP;0.0;0.0;0.0;Zrębka Produkcyjna Inwestycyjna;B;własne;10.0;;;0.0;0.0;0.0;Magazyn Zabrze;Magazyn Zabrze;Rębak z Brąszewic, rębakowy Łukasz Kempski;Marcin Kwiatkowski;2026-08-23 20:30:57;OP-MIGR-00426;;AKTYWNY
2026-08-18;;2026-08-18;Magazyn Zabrze;ZUŻYCIE;PZ/85;TAK;KZR;82.0;MP;0.0;0.0;0.0;Zrębka Produkcyjna Inwestycyjna;B;własne;10.0;;;0.0;0.0;0.0;Magazyn Zabrze;Magazyn Zabrze;Automatyczne zużycie surowca do produkcji;;2026-08-23 20:30:57;OP-MIGR-00427;;AKTYWNY
2026-08-18;Ściborzyce;2026-08-18;Magazyn Zabrze;ZAKUP;PZ/85;TAK;KZR;82.0;MP;0.0;0.0;0.0;Zrębka Produkcyjna Inwestycyjna;B;;0.0;własny (Chrzan);SK 5L809;210.0;5.0;1050.0;Magazyn Zabrze;;;Marcin Kwiatkowski;2026-08-23 20:32:18;OP-MIGR-00428;;AKTYWNY
2026-08-18;;2026-08-18;Grandpol;ZAKUP;PZ/86;NIE;KZR;80.0;MP;45.0;3600.0;0.0;Drewno przemysłowe z wycinek inwest.;;;0.0;;;0.0;0.0;0.0;Magazyn Zabrze;;Waga: 24 080 kg;Marcin Kwiatkowski;2026-08-23 20:34:46;OP-MIGR-00429;;AKTYWNY
2026-08-18;;2026-08-18;Magazyn Zabrze;PRODUKCJA;PZ/86;TAK;KZR;80.0;MP;0.0;0.0;0.0;Zrębka Produkcyjna Inwestycyjna;B;własne;10.0;;;0.0;0.0;0.0;Magazyn Zabrze;Magazyn Zabrze;Rębak z Brąszewic, rębakowy Łukasz Kempski;Marcin Kwiatkowski;2026-08-23 20:36:05;OP-MIGR-00430;;AKTYWNY
2026-08-18;;2026-08-18;Magazyn Zabrze;ZUŻYCIE;PZ/86;TAK;KZR;80.0;MP;0.0;0.0;0.0;Zrębka Produkcyjna Inwestycyjna;B;własne;10.0;;;0.0;0.0;0.0;Magazyn Zabrze;Magazyn Zabrze;Automatyczne zużycie surowca do produkcji;;2026-08-23 20:36:06;OP-MIGR-00431;;AKTYWNY
2026-08-18;Ściborzyce;2026-08-18;Magazyn Zabrze;ZAKUP;PZ/86;TAK;KZR;80.0;MP;0.0;0.0;0.0;Zrębka Produkcyjna Inwestycyjna;B;;0.0;własny (Wilczak);SK 7J884;210.0;5.0;1050.0;Magazyn Zabrze;;;Marcin Kwiatkowski;2026-08-23 20:37:26;OP-MIGR-00432;;AKTYWNY
2026-08-19;;2026-08-19;Lander Agro;ZAKUP;PZ/40/D;TAK;KZR;26.95;M3;230.0;6198.5;0.0;Drewno opałowe z lasu;;;0.0;;;0.0;0.0;0.0;Magazyn Zabrze;;Waga: 22 700 kg;Marcin Kwiatkowski;2026-08-23 20:40:04;OP-MIGR-00433;;AKTYWNY
2026-08-19;;2026-08-19;Lander Agro;ZAKUP;PZ/41/D;TAK;KZR;25.0;M3;230.0;5750.0;0.0;Drewno opałowe z lasu;;;0.0;;;0.0;0.0;0.0;Magazyn Zabrze;;Waga: 20 940 kg;Marcin Kwiatkowski;2026-08-23 20:44:08;OP-MIGR-00434;;AKTYWNY
2026-08-19;;2026-08-19;Grandpol;ZAKUP;PZ/87;NIE;KZR;80.0;MP;45.0;3600.0;0.0;Drewno przemysłowe z wycinek inwest.;;;0.0;;;0.0;0.0;0.0;Magazyn Zabrze;;Waga: 21 600 kg;Marcin Kwiatkowski;2026-08-23 20:48:20;OP-MIGR-00435;;AKTYWNY
2026-08-19;;2026-08-19;Magazyn Zabrze;PRODUKCJA;PZ/87;TAK;KZR;80.0;MP;0.0;0.0;0.0;Zrębka Produkcyjna Inwestycyjna;B;własne;10.0;;;0.0;0.0;0.0;Magazyn Zabrze;Magazyn Zabrze;Rębak z Brąszewic, rębakowy Łukasz Kempski;Marcin Kwiatkowski;2026-08-23 20:49:55;OP-MIGR-00436;;AKTYWNY
2026-08-19;;2026-08-19;Magazyn Zabrze;ZUŻYCIE;PZ/87;TAK;KZR;80.0;MP;0.0;0.0;0.0;Zrębka Produkcyjna Inwestycyjna;B;własne;10.0;;;0.0;0.0;0.0;Magazyn Zabrze;Magazyn Zabrze;Automatyczne zużycie surowca do produkcji;;2026-08-23 20:49:55;OP-MIGR-00437;;AKTYWNY
2026-08-19;Ściborzyce;2026-08-19;Magazyn Zabrze;ZAKUP;PZ/87;TAK;KZR;80.0;MP;0.0;0.0;0.0;Zrębka Produkcyjna Inwestycyjna;B;;0.0;własny (Adrian Wojciechowski);SK 5J756;210.0;5.0;1050.0;Magazyn Zabrze;;Kierowca z Brąszewic;Marcin Kwiatkowski;2026-08-23 20:51:34;OP-MIGR-00438;;AKTYWNY
2026-08-19;;2026-08-19;Grandpol;ZAKUP;PZ/88;NIE;KZR;65.0;MP;45.0;2925.0;0.0;Drewno przemysłowe z wycinek inwest.;;;0.0;;;0.0;0.0;0.0;Magazyn Zabrze;;Waga: 17 740 kg;Marcin Kwiatkowski;2026-08-23 20:54:05;OP-MIGR-00439;;AKTYWNY
2026-08-19;;2026-08-19;Magazyn Zabrze;PRODUKCJA;PZ/88;TAK;KZR;65.0;MP;0.0;0.0;0.0;Zrębka Produkcyjna Inwestycyjna;B;własne;10.0;;;0.0;0.0;0.0;Magazyn Zabrze;Magazyn Zabrze;Rębak z Brąszewic, rębakowy Łukasz Kempski;Marcin Kwiatkowski;2026-08-23 20:55:53;OP-MIGR-00440;;AKTYWNY
2026-08-19;;2026-08-19;Magazyn Zabrze;ZUŻYCIE;PZ/88;TAK;KZR;65.0;MP;0.0;0.0;0.0;Zrębka Produkcyjna Inwestycyjna;B;własne;10.0;;;0.0;0.0;0.0;Magazyn Zabrze;Magazyn Zabrze;Automatyczne zużycie surowca do produkcji;;2026-08-23 20:55:53;OP-MIGR-00441;;AKTYWNY
2026-08-19;Ściborzyce;2026-08-19;Magazyn Zabrze;ZAKUP;PZ/88;TAK;KZR;65.0;MP;0.0;0.0;0.0;Zrębka Produkcyjna Inwestycyjna;B;;0.0;własny (Łukasz Wojciechowski);SK 7J885;210.0;5.0;1050.0;Magazyn Zabrze;;Kierowca z Brąszewic, jechał pojazdem Tomasza Kretka;Marcin Kwiatkowski;2026-08-23 20:58:11;OP-MIGR-00442;;AKTYWNY
2026-08-19;;2026-08-19;Grandpol;ZAKUP;PZ/89;NIE;KZR;85.0;MP;45.0;3825.0;0.0;Drewno przemysłowe z wycinek inwest.;;;0.0;;;0.0;0.0;0.0;Magazyn Zabrze;;Waga: 24 500 kg;Marcin Kwiatkowski;2026-08-23 21:02:38;OP-MIGR-00443;;AKTYWNY
2026-08-19;;2026-08-19;Magazyn Zabrze;PRODUKCJA;PZ/89;TAK;KZR;85.0;MP;0.0;0.0;0.0;Zrębka Produkcyjna Inwestycyjna;B;własne;10.0;;;0.0;0.0;0.0;Magazyn Zabrze;Magazyn Zabrze;Rębak z Brąszewic, rębakowy Łukasz Kempski;Marcin Kwiatkowski;2026-08-23 21:05:51;OP-MIGR-00444;;AKTYWNY
2026-08-19;;2026-08-19;Magazyn Zabrze;ZUŻYCIE;PZ/89;TAK;KZR;85.0;MP;0.0;0.0;0.0;Zrębka Produkcyjna Inwestycyjna;B;własne;10.0;;;0.0;0.0;0.0;Magazyn Zabrze;Magazyn Zabrze;Automatyczne zużycie surowca do produkcji;;2026-08-23 21:05:51;OP-MIGR-00445;;AKTYWNY
2026-08-19;Głubczyce;2026-08-19;Magazyn Zabrze;ZAKUP;PZ/89;TAK;KZR;85.0;MP;0.0;0.0;0.0;Zrębka Produkcyjna Inwestycyjna;B;;0.0;własny (Chrzan);SK 5L809;182.0;5.0;910.0;Magazyn Zabrze;;;Marcin Kwiatkowski;2026-08-23 21:08:22;OP-MIGR-00446;;AKTYWNY
2026-08-19;;2026-08-19;Grandpol;ZAKUP;PZ/90;NIE;KZR;82.0;MP;45.0;3690.0;0.0;Drewno przemysłowe z wycinek inwest.;;;0.0;;;0.0;0.0;0.0;Magazyn Zabrze;;Waga: 25 900 kg;Marcin Kwiatkowski;2026-08-23 21:10:30;OP-MIGR-00447;;AKTYWNY
2026-08-19;;2026-08-19;Magazyn Zabrze;PRODUKCJA;PZ/90;TAK;KZR;82.0;MP;0.0;0.0;0.0;Zrębka Produkcyjna Inwestycyjna;B;własne;10.0;;;0.0;0.0;0.0;Magazyn Zabrze;Magazyn Zabrze;Rębak z Brąszewic, rębakowy Łukasz Kempski;Marcin Kwiatkowski;2026-08-23 21:13:00;OP-MIGR-00448;;AKTYWNY
2026-08-19;;2026-08-19;Magazyn Zabrze;ZUŻYCIE;PZ/90;TAK;KZR;82.0;MP;0.0;0.0;0.0;Zrębka Produkcyjna Inwestycyjna;B;własne;10.0;;;0.0;0.0;0.0;Magazyn Zabrze;Magazyn Zabrze;Automatyczne zużycie surowca do produkcji;;2026-08-23 21:13:00;OP-MIGR-00449;;AKTYWNY
2026-08-19;Głubczyce;2026-08-19;Magazyn Zabrze;ZAKUP;PZ/90;TAK;KZR;82.0;MP;0.0;0.0;0.0;Zrębka Produkcyjna Inwestycyjna;B;;0.0;własny (Wilczak);SK 7J884;182.0;5.0;910.0;Magazyn Zabrze;;;Marcin Kwiatkowski;2026-08-23 21:14:35;OP-MIGR-00450;;AKTYWNY
2026-08-20;;2026-08-20;Lander Agro;ZAKUP;PZ/42/D;TAK;KZR;29.05;M3;230.0;6681.5;0.0;Drewno opałowe z lasu;;;0.0;;;0.0;0.0;0.0;Magazyn Zabrze;;Waga: 25 140 kg;Marcin Kwiatkowski;2026-08-23 21:17:25;OP-MIGR-00451;;AKTYWNY
2026-08-20;;2026-08-20;Walber;ZAKUP;PZ/91;TAK;KZR;90.0;MP;105.0;6198.5;0.0;Zrębka towar;B;;0.0;;;0.0;0.0;0.0;Magazyn Zabrze;;22,54T;Marcin Kwiatkowski;2026-08-23 21:26:08;OP-MIGR-00452;;AKTYWNY
2026-08-20;;2026-08-20;Grandpol;ZAKUP;PZ/92;NIE;KZR;55.0;MP;45.0;2475.0;0.0;Drewno przemysłowe z wycinek inwest.;;;0.0;;;0.0;0.0;0.0;Magazyn Zabrze;;Waga: 13 820 kg;Marcin Kwiatkowski;2026-08-23 21:29:59;OP-MIGR-00453;;AKTYWNY
2026-08-20;;2026-08-20;Magazyn Zabrze;PRODUKCJA;PZ/92;TAK;KZR;55.0;MP;0.0;0.0;0.0;Zrębka Produkcyjna Inwestycyjna;B;własne;10.0;;;0.0;0.0;0.0;Magazyn Zabrze;Magazyn Zabrze;Rębak z Brąszewic, rębakowy Łukasz Kempski;Marcin Kwiatkowski;2026-08-23 21:31:17;OP-MIGR-00454;;AKTYWNY
2026-08-20;;2026-08-20;Magazyn Zabrze;ZUŻYCIE;PZ/92;TAK;KZR;55.0;MP;0.0;0.0;0.0;Zrębka Produkcyjna Inwestycyjna;B;własne;10.0;;;0.0;0.0;0.0;Magazyn Zabrze;Magazyn Zabrze;Automatyczne zużycie surowca do produkcji;;2026-08-23 21:31:17;OP-MIGR-00455;;AKTYWNY
2026-08-20;Głubczyce;2026-08-20;Magazyn Zabrze;ZAKUP;PZ/92;TAK;KZR;55.0;MP;0.0;0.0;0.0;Zrębka Produkcyjna Inwestycyjna;B;;0.0;Lander Agro;PY 30536;182.0;5.0;0.0;Magazyn Zabrze;;Brak informacji nt. kosztu transportu, kierowca z Lander Agro;Marcin Kwiatkowski;2026-08-23 21:33:29;OP-MIGR-00456;;AKTYWNY
2026-08-20;;2026-08-20;Grandpol;ZAKUP;PZ/93;NIE;KZR;55.0;MP;45.0;2475.0;0.0;Drewno przemysłowe z wycinek inwest.;;;0.0;;;0.0;0.0;0.0;Magazyn Zabrze;;Waga: 19 480 kg;Marcin Kwiatkowski;2026-08-23 21:37:56;OP-MIGR-00457;;AKTYWNY
2026-08-20;;2026-08-20;Magazyn Zabrze;PRODUKCJA;PZ/93;TAK;KZR;55.0;MP;0.0;0.0;0.0;Zrębka Produkcyjna Inwestycyjna;B;własne;10.0;;;0.0;0.0;0.0;Magazyn Zabrze;Magazyn Zabrze;Rębak z Brąszewic, rębakowy Łukasz Kempski;Marcin Kwiatkowski;2026-08-23 21:38:55;OP-MIGR-00458;;AKTYWNY
2026-08-20;;2026-08-20;Magazyn Zabrze;ZUŻYCIE;PZ/93;TAK;KZR;55.0;MP;0.0;0.0;0.0;Zrębka Produkcyjna Inwestycyjna;B;własne;10.0;;;0.0;0.0;0.0;Magazyn Zabrze;Magazyn Zabrze;Automatyczne zużycie surowca do produkcji;;2026-08-23 21:38:55;OP-MIGR-00459;;AKTYWNY
2026-08-20;Głubczyce;2026-08-20;Magazyn Zabrze;ZAKUP;PZ/93;TAK;KZR;55.0;MP;0.0;0.0;0.0;Zrębka Produkcyjna Inwestycyjna;B;;0.0;własny (Chrzan);SK 5L809;182.0;5.0;910.0;Magazyn Zabrze;;;Marcin Kwiatkowski;2026-08-23 21:40:21;OP-MIGR-00460;;AKTYWNY
2026-08-20;;2026-08-20;Grandpol;ZAKUP;PZ/94;NIE;KZR;82.0;MP;45.0;3690.0;0.0;Drewno przemysłowe z wycinek inwest.;;;0.0;;;0.0;0.0;0.0;Magazyn Zabrze;;Waga: 25 080 kg;Marcin Kwiatkowski;2026-08-23 21:42:36;OP-MIGR-00461;;AKTYWNY
2026-08-20;;2026-08-20;Magazyn Zabrze;PRODUKCJA;PZ/94;TAK;KZR;82.0;MP;0.0;0.0;0.0;Zrębka Produkcyjna Inwestycyjna;B;własne;10.0;;;0.0;0.0;0.0;Magazyn Zabrze;Magazyn Zabrze;Rębak z Brąszewic, rębakowy Łukasz Kempski;Marcin Kwiatkowski;2026-08-23 21:44:40;OP-MIGR-00462;;AKTYWNY
2026-08-20;;2026-08-20;Magazyn Zabrze;ZUŻYCIE;PZ/94;TAK;KZR;82.0;MP;0.0;0.0;0.0;Zrębka Produkcyjna Inwestycyjna;B;własne;10.0;;;0.0;0.0;0.0;Magazyn Zabrze;Magazyn Zabrze;Automatyczne zużycie surowca do produkcji;;2026-08-23 21:44:40;OP-MIGR-00463;;AKTYWNY
2026-08-20;Głubczyce;2026-08-20;Magazyn Zabrze;ZAKUP;PZ/94;TAK;KZR;82.0;MP;0.0;0.0;0.0;Zrębka Produkcyjna Inwestycyjna;B;;0.0;własny (Wilczak);SK 7J884;182.0;5.0;910.0;Magazyn Zabrze;;;Marcin Kwiatkowski;2026-08-23 21:46:08;OP-MIGR-00464;;AKTYWNY
2026-08-20;;2026-08-20;Grandpol;ZAKUP;PZ/95;NIE;KZR;32.0;MP;45.0;1440.0;0.0;Drewno przemysłowe z wycinek inwest.;;;0.0;;;0.0;0.0;0.0;Magazyn Zabrze;;Waga: 13 300 kg;Marcin Kwiatkowski;2026-08-23 21:47:49;OP-MIGR-00465;;AKTYWNY
2026-08-20;;2026-08-20;Magazyn Zabrze;PRODUKCJA;PZ/95;TAK;KZR;32.0;MP;0.0;0.0;0.0;Zrębka Produkcyjna Inwestycyjna;B;własne;10.0;;;0.0;0.0;0.0;Magazyn Zabrze;Magazyn Zabrze;Rębak z Brąszewic, rębakowy Łukasz Kempski;Marcin Kwiatkowski;2026-08-23 21:49:02;OP-MIGR-00466;;AKTYWNY
2026-08-20;;2026-08-20;Magazyn Zabrze;ZUŻYCIE;PZ/95;TAK;KZR;32.0;MP;0.0;0.0;0.0;Zrębka Produkcyjna Inwestycyjna;B;własne;10.0;;;0.0;0.0;0.0;Magazyn Zabrze;Magazyn Zabrze;Automatyczne zużycie surowca do produkcji;;2026-08-23 21:49:02;OP-MIGR-00467;;AKTYWNY
2026-08-20;Głubczyce;2026-08-20;Magazyn Zabrze;ZAKUP;PZ/95;TAK;KZR;32.0;MP;0.0;0.0;0.0;Zrębka Produkcyjna Inwestycyjna;B;;0.0;własny (Kretek);SK 7J885;182.0;5.0;910.0;Magazyn Zabrze;;;Marcin Kwiatkowski;2026-08-23 21:51:24;OP-MIGR-00468;;AKTYWNY
2026-08-21;;2026-08-21;Lander Agro;ZAKUP;PZ/43/D;TAK;KZR;27.16;M3;230.0;6246.8;0.0;Drewno opałowe z lasu;;;0.0;;;0.0;0.0;0.0;Magazyn Zabrze;;Waga: 21 900 kg;Marcin Kwiatkowski;2026-08-24 11:31:03;OP-MIGR-00469;;AKTYWNY
2026-08-21;;2026-08-21;NDL Świerklaniec, Leśnictwo Mieczysko;ZAKUP;PZ/96   3/202632708/6676;TAK;Deklaracja;20.0;M3;112.0;2240.0;0.0;Drewno opałowe z lasu;;;0.0;;;0.0;0.0;0.0;Magazyn Zabrze;;Waga: 22 260 kg;Marcin Kwiatkowski;2026-08-24 11:35:30;OP-MIGR-00470;;AKTYWNY
2026-08-21;;2026-08-21;Magazyn Zabrze;PRODUKCJA;PZ/96;TAK;Deklaracja;80.0;MP;0.0;0.0;0.0;Zrębka Produkcyjna Leśna;B;własne;10.0;;;0.0;0.0;0.0;Magazyn Zabrze;Magazyn Zabrze;Rębak z Brąszewic, rębakowy Łukasz Kempski;Marcin Kwiatkowski;2026-08-24 11:36:37;OP-MIGR-00471;;AKTYWNY
2026-08-21;;2026-08-21;Magazyn Zabrze;ZUŻYCIE;PZ/96;TAK;Deklaracja;80.0;MP;0.0;0.0;0.0;Zrębka Produkcyjna Leśna;B;własne;10.0;;;0.0;0.0;0.0;Magazyn Zabrze;Magazyn Zabrze;Automatyczne zużycie surowca do produkcji;;2026-08-24 11:36:38;OP-MIGR-00472;;AKTYWNY
2026-08-21;Mieczysko;2026-08-21;Magazyn Zabrze;ZAKUP;PZ/96;TAK;Deklaracja;80.0;MP;0.0;0.0;0.0;Zrębka Produkcyjna Leśna;B;;0.0;własny (Kretek);SK 7J885;62.0;5.0;310.0;Magazyn Zabrze;;;Marcin Kwiatkowski;2026-08-24 11:38:46;OP-MIGR-00473;;AKTYWNY
2026-08-21;;2026-08-21;NDL Świerklaniec, Leśnictwo Mieczysko;ZAKUP;PZ/97   3/202632708/6677;TAK;Deklaracja;20.0;M3;112.0;2240.0;0.0;Drewno opałowe z lasu;;;0.0;;;0.0;0.0;0.0;Magazyn Zabrze;;Waga: 22 480 kg;Marcin Kwiatkowski;2026-08-24 11:40:36;OP-MIGR-00474;;AKTYWNY
2026-08-21;;2026-08-21;Magazyn Zabrze;PRODUKCJA;PZ/97;TAK;Deklaracja;80.0;MP;0.0;0.0;0.0;Zrębka Produkcyjna Leśna;B;własne;10.0;;;0.0;0.0;0.0;Magazyn Zabrze;Magazyn Zabrze;Rębak z Brąszewic, rębakowy Łukasz Kempski;Marcin Kwiatkowski;2026-08-24 11:41:40;OP-MIGR-00475;;AKTYWNY
2026-08-21;;2026-08-21;Magazyn Zabrze;ZUŻYCIE;PZ/97;TAK;Deklaracja;80.0;MP;0.0;0.0;0.0;Zrębka Produkcyjna Leśna;B;własne;10.0;;;0.0;0.0;0.0;Magazyn Zabrze;Magazyn Zabrze;Automatyczne zużycie surowca do produkcji;;2026-08-24 11:41:41;OP-MIGR-00476;;AKTYWNY
2026-08-21;Mieczysko;2026-08-21;Magazyn Zabrze;ZAKUP;PZ/97;TAK;Deklaracja;80.0;MP;0.0;0.0;0.0;Zrębka Produkcyjna Leśna;B;;0.0;własny (Chrzan);SK 5L809;62.0;5.0;310.0;Magazyn Zabrze;;;Marcin Kwiatkowski;2026-08-24 11:45:01;OP-MIGR-00477;;AKTYWNY
2026-08-21;;2026-08-21;NDL Świerklaniec, Leśnictwo Mieczysko;ZAKUP;PZ/98   3/202632708/6678;TAK;Deklaracja;12.0;M3;112.0;1344.0;0.0;Drewno opałowe z lasu;;;0.0;;;0.0;0.0;0.0;Magazyn Zabrze;;Waga: 21 080 kg;Marcin Kwiatkowski;2026-08-24 11:47:42;OP-MIGR-00478;;AKTYWNY
2026-08-21;;2026-08-21;Magazyn Zabrze;PRODUKCJA;PZ/98;TAK;Deklaracja;48.0;MP;0.0;0.0;0.0;Zrębka Produkcyjna Leśna;B;własne;10.0;;;0.0;0.0;0.0;Magazyn Zabrze;Magazyn Zabrze;Rębak z Brąszewic, rębakowy Łukasz Kempski;Marcin Kwiatkowski;2026-08-24 11:49:45;OP-MIGR-00479;;AKTYWNY
2026-08-21;;2026-08-21;Magazyn Zabrze;ZUŻYCIE;PZ/98;TAK;Deklaracja;48.0;MP;0.0;0.0;0.0;Zrębka Produkcyjna Leśna;B;własne;10.0;;;0.0;0.0;0.0;Magazyn Zabrze;Magazyn Zabrze;Automatyczne zużycie surowca do produkcji;;2026-08-24 11:49:46;OP-MIGR-00480;;AKTYWNY
2026-08-21;Mieczysko;2026-08-21;Magazyn Zabrze;ZAKUP;PZ/98;TAK;Deklaracja;48.0;MP;0.0;0.0;0.0;Zrębka Produkcyjna Leśna;B;;0.0;własny (Kretek);SK 7J885;62.0;5.0;310.0;Magazyn Zabrze;;;Marcin Kwiatkowski;2026-08-24 11:51:18;OP-MIGR-00481;;AKTYWNY
2026-08-24;;2026-08-24;GWood;ZAKUP;PZ/99;TAK;Deklaracja;92.0;MP;117.0;10764.0;0.0;Zrębka towar;B;;0.0;;;0.0;0.0;0.0;Magazyn Zabrze;;Waga: 25,46 t;Marcin Kwiatkowski;2026-08-24 11:57:50;OP-MIGR-00482;;AKTYWNY
2026-08-24;;2026-08-24;NDL Chrzanów, Leśnictwo Mętków;ZAKUP;PZ/100  3/202624967/1074;TAK;Deklaracja;12.0;M3;0.0;0.0;0.0;Drewno opałowe z lasu;;;0.0;;;0.0;0.0;0.0;Magazyn Zabrze;;;Roesner Mateusz;2026-08-30 22:54:45;OP-MIGR-00483;;AKTYWNY
2026-08-24;;2026-08-24;Magazyn Zabrze;PRODUKCJA;PZ/100;TAK;Deklaracja;48.0;MP;0.0;0.0;0.0;Zrębka Produkcyjna Leśna;B;własne;10.0;;;0.0;0.0;0.0;Magazyn Zabrze;;;Roesner Mateusz;2026-08-30 22:56:26;OP-MIGR-00484;;AKTYWNY
2026-08-24;;2026-08-24;Magazyn Zabrze;ZUŻYCIE;PZ/100;TAK;Deklaracja;48.0;MP;0.0;0.0;0.0;Zrębka Produkcyjna Leśna;B;własne;10.0;;;0.0;0.0;0.0;Magazyn Zabrze;;Automatyczne zużycie surowca do produkcji;;2026-08-30 22:56:26;OP-MIGR-00485;;AKTYWNY
2026-08-24;Mętków;2026-08-24;Magazyn Zabrze;ZAKUP;PZ/100;TAK;Deklaracja;48.0;MP;0.0;0.0;0.0;Zrębka Produkcyjna Leśna;B;;0.0;własny (Kretek);SK 7J885;134.0;5.0;670.0;Magazyn Zabrze;;;Roesner Mateusz;2026-08-30 22:58:05;OP-MIGR-00486;;AKTYWNY
2026-08-24;;2026-08-24;NDL Chrzanów, Leśnictwo Mętków+Szczakowa;ZAKUP;PZ/101;TAK;Deklaracja;16.22;M3;0.0;0.0;0.0;Drewno opałowe z lasu;;;0.0;;;0.0;0.0;0.0;Magazyn Zabrze;;12 m3 (Mętków) + 4,22 m3 (Szczakowa);Roesner Mateusz;2026-08-30 23:04:00;OP-MIGR-00487;;AKTYWNY
2026-08-24;;2026-08-24;NDL Chrzanów, Leśnictwo Mętków+Szczakowa;PRODUKCJA;PZ/101;TAK;Deklaracja;64.88;MP;0.0;0.0;0.0;Zrębka Produkcyjna Leśna;B;własne;10.0;;;0.0;0.0;0.0;Magazyn Zabrze;;12 m3 (Mętków 3/202624967/1073) + 4,22 m3 (Szczakowa 11/202624975/11181);Roesner Mateusz;2026-08-30 23:08:03;OP-MIGR-00488;;AKTYWNY
2026-08-24;;2026-08-24;NDL Chrzanów, Leśnictwo Mętków+Szczakowa;ZUŻYCIE;PZ/101;TAK;Deklaracja;64.88;MP;0.0;0.0;0.0;Zrębka Produkcyjna Leśna;B;własne;10.0;;;0.0;0.0;0.0;Magazyn Zabrze;;Automatyczne zużycie surowca do produkcji;;2026-08-30 23:08:04;OP-MIGR-00489;;AKTYWNY
2026-08-24;Mętków/Szczakowa;2026-08-24;Magazyn Zabrze;ZAKUP;PZ/101;TAK;Deklaracja;64.88;MP;0.0;0.0;0.0;Zrębka Produkcyjna Leśna;B;;0.0;własny (Wilczak);SK 7J884;150.0;5.0;750.0;Magazyn Zabrze;;;Roesner Mateusz;2026-08-30 23:10:50;OP-MIGR-00490;;AKTYWNY
2026-08-25;;2026-08-25;NDL Chrzanów, Leśnictwo Chełmek;ZAKUP;PZ/102  2/202624966/6131;TAK;Deklaracja;21.1;M3;0.0;0.0;0.0;Drewno opałowe z lasu;;;0.0;;;0.0;0.0;0.0;Magazyn Zabrze;;;Roesner Mateusz;2026-08-30 23:13:10;OP-MIGR-00491;;AKTYWNY
2026-08-25;;2026-08-25;Magazyn Zabrze;PRODUKCJA;PZ/102;TAK;Deklaracja;84.4;MP;0.0;0.0;0.0;Zrębka Produkcyjna Leśna;B;własne;10.0;;;0.0;0.0;0.0;Magazyn Zabrze;;;Roesner Mateusz;2026-08-30 23:14:19;OP-MIGR-00492;;AKTYWNY
2026-08-25;;2026-08-25;Magazyn Zabrze;ZUŻYCIE;PZ/102;TAK;Deklaracja;84.4;MP;0.0;0.0;0.0;Zrębka Produkcyjna Leśna;B;własne;10.0;;;0.0;0.0;0.0;Magazyn Zabrze;;Automatyczne zużycie surowca do produkcji;;2026-08-30 23:14:19;OP-MIGR-00493;;AKTYWNY
2026-08-25;Chrzanów;2026-08-25;Magazyn Zabrze;ZAKUP;PZ/102;TAK;Deklaracja;84.4;MP;0.0;0.0;0.0;Zrębka Produkcyjna Leśna;B;;0.0;własny (Wilczak);SK 7J884;200.0;5.0;1000.0;Magazyn Zabrze;;;Roesner Mateusz;2026-08-30 23:17:46;OP-MIGR-00494;;AKTYWNY
2026-08-25;Magazyn Brąszewice;2026-08-25;Magazyn Brąszewice;MM;MM-77;TAK;;88.0;MP;0.0;0.0;0.0;Zrębka Produkcyjna Drzewna;;;0.0;własny (Chrzan);SK 5L809;160.0;5.0;800.0;Magazyn Zabrze;Magazyn Brąszewice;Waga: 25,660 T;Roesner Mateusz;2026-08-31 08:30:27;OP-MIGR-00495;;AKTYWNY
2026-08-25;;2026-08-25;NDL Chrzanów, Leśnictwo Chełmek;ZAKUP;PZ/103  2/202624966/6133;TAK;Deklaracja;21.1;M3;0.0;0.0;0.0;Drewno opałowe z lasu;;;0.0;;;0.0;0.0;0.0;Magazyn Zabrze;;;Roesner Mateusz;2026-08-31 08:36:22;OP-MIGR-00496;;AKTYWNY
2026-08-25;;2026-08-25;Magazyn Zabrze;PRODUKCJA;PZ/103;TAK;Deklaracja;84.4;MP;0.0;0.0;0.0;Zrębka Produkcyjna Leśna;B;własne;10.0;;;0.0;0.0;0.0;Magazyn Zabrze;;;Roesner Mateusz;2026-08-31 08:37:25;OP-MIGR-00497;;AKTYWNY
2026-08-25;;2026-08-25;Magazyn Zabrze;ZUŻYCIE;PZ/103;TAK;Deklaracja;84.4;MP;0.0;0.0;0.0;Zrębka Produkcyjna Leśna;B;własne;10.0;;;0.0;0.0;0.0;Magazyn Zabrze;;Automatyczne zużycie surowca do produkcji;;2026-08-31 08:37:25;OP-MIGR-00498;;AKTYWNY
2026-08-25;Chrzanów;2026-08-25;Magazyn Zabrze;ZAKUP;PZ/103;TAK;Deklaracja;84.4;MP;0.0;0.0;0.0;Zrębka Produkcyjna Leśna;B;;0.0;własny (Kretek);SK 7J885;200.0;5.0;1000.0;Magazyn Zabrze;;;Roesner Mateusz;2026-08-31 08:39:09;OP-MIGR-00499;;AKTYWNY
2026-08-25;;2026-08-25;NDL Chrzanów, Leśnictwo Chełmek;ZAKUP;PZ/104  2/202624966/6135;TAK;Deklaracja;21.1;M3;0.0;0.0;0.0;Drewno opałowe z lasu;;;0.0;;;0.0;0.0;0.0;Magazyn Zabrze;;;Roesner Mateusz;2026-08-31 08:48:42;OP-MIGR-00500;;AKTYWNY
2026-08-25;;2026-08-25;Magazyn Zabrze;PRODUKCJA;PZ/104;TAK;Deklaracja;84.4;MP;0.0;0.0;0.0;Zrębka Produkcyjna Leśna;B;własne;10.0;;;0.0;0.0;0.0;Magazyn Zabrze;;;Roesner Mateusz;2026-08-31 08:49:40;OP-MIGR-00501;;AKTYWNY
2026-08-25;;2026-08-25;Magazyn Zabrze;ZUŻYCIE;PZ/104;TAK;Deklaracja;84.4;MP;0.0;0.0;0.0;Zrębka Produkcyjna Leśna;B;własne;10.0;;;0.0;0.0;0.0;Magazyn Zabrze;;Automatyczne zużycie surowca do produkcji;;2026-08-31 08:49:40;OP-MIGR-00502;;AKTYWNY
2026-08-25;Chrzanów;2026-08-25;Magazyn Zabrze;ZAKUP;PZ/104;TAK;Deklaracja;84.4;MP;0.0;0.0;0.0;Zrębka Produkcyjna Leśna;B;;0.0;własny (Chrzan);SK 5L809;200.0;5.0;1000.0;Magazyn Zabrze;;;Roesner Mateusz;2026-08-31 08:50:39;OP-MIGR-00503;;AKTYWNY
2026-08-25;;2026-08-25;NDL Chrzanów, Leśnictwo Chełmek;ZAKUP;PZ/105  2/202624966/6136;TAK;Deklaracja;21.1;M3;0.0;0.0;0.0;Drewno opałowe z lasu;;;0.0;;;0.0;0.0;0.0;Magazyn Zabrze;;;Roesner Mateusz;2026-08-31 09:00:32;OP-MIGR-00504;;AKTYWNY
2026-08-25;;2026-08-25;Magazyn Zabrze;PRODUKCJA;PZ/105;TAK;Deklaracja;84.4;MP;0.0;0.0;0.0;Zrębka Produkcyjna Leśna;B;własne;10.0;;;0.0;0.0;0.0;Magazyn Zabrze;;;Roesner Mateusz;2026-08-31 09:01:35;OP-MIGR-00505;;AKTYWNY
2026-08-25;;2026-08-25;Magazyn Zabrze;ZUŻYCIE;PZ/105;TAK;Deklaracja;84.4;MP;0.0;0.0;0.0;Zrębka Produkcyjna Leśna;B;własne;10.0;;;0.0;0.0;0.0;Magazyn Zabrze;;Automatyczne zużycie surowca do produkcji;;2026-08-31 09:01:35;OP-MIGR-00506;;AKTYWNY
2026-08-25;Chrzanów;2026-08-25;Magazyn Zabrze;ZAKUP;PZ/105;TAK;Deklaracja;84.4;MP;0.0;0.0;0.0;Zrębka Produkcyjna Leśna;B;;0.0;własny (Wilczak);SK 7J884;200.0;5.0;1000.0;Magazyn Zabrze;;;Roesner Mateusz;2026-08-31 09:02:52;OP-MIGR-00507;;AKTYWNY
2026-08-26;Magazyn Zabrze;2026-08-26;Magazyn Zabrze;SPRZEDAŻ;WZ-20;TAK;KZR;90.0;MP;0.0;0.0;0.0;Zrębka Produkcyjna Leśna;B;;0.0;własny (Wilczak);SK 7J885;107.0;5.0;535.0;Re Alloys, Łaziska;;;Roesner Mateusz;2026-08-28 09:45:13;OP-MIGR-00508;;AKTYWNY
2026-08-26;Magazyn Zabrze;2026-08-26;Magazyn Zabrze;SPRZEDAŻ;WZ-21;TAK;KZR;90.0;MP;0.0;0.0;0.0;Zrębka Produkcyjna Leśna;B;;0.0;własny (Chrzan);SK 5L809;107.0;5.0;535.0;Re Alloys, Łaziska;;;Roesner Mateusz;2026-08-28 09:46:20;OP-MIGR-00509;;AKTYWNY
2026-08-26;;2026-08-26;Walber;ZAKUP;PZ/106;TAK;KZR;92.0;MP;105.0;9660.0;0.0;Zrębka towar;;;0.0;;;0.0;0.0;0.0;Magazyn Zabrze;;;Roesner Mateusz;2026-08-28 09:50:44;OP-MIGR-00510;;AKTYWNY
2026-08-26;;2026-08-26;Walber;ZAKUP;PZ/107;TAK;KZR;92.0;MP;105.0;9660.0;0.0;Zrębka towar;;;0.0;;;0.0;0.0;0.0;Magazyn Zabrze;;;Roesner Mateusz;2026-08-28 09:51:56;OP-MIGR-00511;;AKTYWNY
2026-08-26;;2026-08-26;Walber;ZAKUP;PZ/108;TAK;KZR;92.0;MP;105.0;9660.0;0.0;Zrębka towar;;;0.0;;;0.0;0.0;0.0;Magazyn Zabrze;;;Roesner Mateusz;2026-08-28 10:29:06;OP-MIGR-00512;;AKTYWNY
2026-08-26;;2026-08-26;Walber;ZAKUP;PZ/109;TAK;KZR;92.0;MP;105.0;9660.0;0.0;Zrębka towar;;;0.0;;;0.0;0.0;0.0;Magazyn Zabrze;;;Roesner Mateusz;2026-08-28 10:29:56;OP-MIGR-00513;;AKTYWNY
2026-08-27;;2026-08-27;Lander Agro;ZAKUP;PZ/43/D;TAK;KZR;30.3;M3;230.0;6969.0;0.0;Drewno opałowe z lasu;;;0.0;;;0.0;0.0;0.0;Magazyn Zabrze;;;Roesner Mateusz;2026-08-28 10:02:54;OP-MIGR-00514;;AKTYWNY
2026-08-27;;2026-08-27;NDL Strzelce Op, Leśnictwo Spórok;ZAKUP;PZ/110  3/202638592/1129;TAK;Deklaracja;20.5;M3;0.0;0.0;0.0;Drewno opałowe z lasu;;;0.0;;;0.0;0.0;0.0;Magazyn Zabrze;;;Roesner Mateusz;2026-08-31 09:07:26;OP-MIGR-00515;;AKTYWNY
2026-08-27;;2026-08-27;Magazyn Zabrze;PRODUKCJA;PZ/110;TAK;Deklaracja;82.0;MP;0.0;0.0;0.0;Zrębka Produkcyjna Leśna;B;własne;10.0;;;0.0;0.0;0.0;Magazyn Zabrze;;;Roesner Mateusz;2026-08-31 09:09:06;OP-MIGR-00516;;AKTYWNY
2026-08-27;;2026-08-27;Magazyn Zabrze;ZUŻYCIE;PZ/110;TAK;Deklaracja;82.0;MP;0.0;0.0;0.0;Zrębka Produkcyjna Leśna;B;własne;10.0;;;0.0;0.0;0.0;Magazyn Zabrze;;Automatyczne zużycie surowca do produkcji;;2026-08-31 09:09:06;OP-MIGR-00517;;AKTYWNY
2026-08-27;Strzelce Opolskie;2026-08-27;Magazyn Zabrze;ZAKUP;PZ/110;TAK;Deklaracja;82.0;MP;0.0;0.0;0.0;Zrębka Produkcyjna Leśna;B;;0.0;własny (Chrzan);SK 5L809;120.0;5.0;600.0;Magazyn Zabrze;;;Roesner Mateusz;2026-08-31 09:11:29;OP-MIGR-00518;;AKTYWNY
2026-08-27;;2026-08-27;NDL Strzelce Op, Leśnictwo Spórok;ZAKUP;PZ/111  3/202638592/1130;TAK;Deklaracja;21.3;M3;0.0;0.0;0.0;Drewno opałowe z lasu;;;0.0;;;0.0;0.0;0.0;Magazyn Zabrze;;;Roesner Mateusz;2026-08-31 09:13:45;OP-MIGR-00519;;AKTYWNY
2026-08-27;;2026-08-27;Magazyn Zabrze;PRODUKCJA;PZ/111;TAK;Deklaracja;85.2;MP;0.0;0.0;0.0;Zrębka Produkcyjna Leśna;B;własne;10.0;;;0.0;0.0;0.0;Magazyn Zabrze;;;Roesner Mateusz;2026-08-31 09:14:33;OP-MIGR-00520;;AKTYWNY
2026-08-27;;2026-08-27;Magazyn Zabrze;ZUŻYCIE;PZ/111;TAK;Deklaracja;85.2;MP;0.0;0.0;0.0;Zrębka Produkcyjna Leśna;B;własne;10.0;;;0.0;0.0;0.0;Magazyn Zabrze;;Automatyczne zużycie surowca do produkcji;;2026-08-31 09:14:33;OP-MIGR-00521;;AKTYWNY
2026-08-27;Strzelce Opolskie;2026-08-27;Magazyn Zabrze;ZAKUP;PZ/111;TAK;Deklaracja;85.2;MP;0.0;0.0;0.0;Zrębka Produkcyjna Leśna;B;;0.0;własny (Wilczak);SK 7J885;120.0;5.0;600.0;Magazyn Zabrze;;;Roesner Mateusz;2026-08-31 09:15:37;OP-MIGR-00522;;AKTYWNY
2026-08-27;;2026-08-27;NDL Strzelce Op, Leśnictwo Spórok;ZAKUP;PZ/112  3/202638592/1134;TAK;Deklaracja;18.96;M3;0.0;0.0;0.0;Drewno opałowe z lasu;;;0.0;;;0.0;0.0;0.0;Magazyn Zabrze;;;Roesner Mateusz;2026-08-31 09:24:11;OP-MIGR-00523;;AKTYWNY
2026-08-27;;2026-08-27;Magazyn Zabrze;PRODUKCJA;PZ/112;TAK;Deklaracja;75.84;MP;0.0;0.0;0.0;Zrębka Produkcyjna Leśna;B;własne;10.0;;;0.0;0.0;0.0;Magazyn Zabrze;;;Roesner Mateusz;2026-08-31 09:25:07;OP-MIGR-00524;;AKTYWNY
2026-08-27;;2026-08-27;Magazyn Zabrze;ZUŻYCIE;PZ/112;TAK;Deklaracja;75.84;MP;0.0;0.0;0.0;Zrębka Produkcyjna Leśna;B;własne;10.0;;;0.0;0.0;0.0;Magazyn Zabrze;;Automatyczne zużycie surowca do produkcji;;2026-08-31 09:25:07;OP-MIGR-00525;;AKTYWNY
2026-08-27;Strzelce Opolskie;2026-08-27;Magazyn Zabrze;ZAKUP;PZ/112;TAK;Deklaracja;75.84;MP;0.0;0.0;0.0;Zrębka Produkcyjna Leśna;B;;0.0;własny (Wilczak);SK 7J885;120.0;5.0;600.0;Magazyn Zabrze;;;Roesner Mateusz;2026-08-31 09:26:13;OP-MIGR-00526;;AKTYWNY
2026-08-27;;2026-08-27;NDL Strzelce Op, Leśnictwo Spórok;ZAKUP;PZ/113  3/202638592/1132;TAK;Deklaracja;18.1;M3;0.0;0.0;0.0;Drewno opałowe z lasu;;;0.0;;;0.0;0.0;0.0;Magazyn Zabrze;;;Roesner Mateusz;2026-08-31 09:34:16;OP-MIGR-00527;;AKTYWNY
2026-08-27;;2026-08-27;Magazyn Zabrze;PRODUKCJA;PZ/113;TAK;Deklaracja;72.4;MP;0.0;0.0;0.0;Zrębka Produkcyjna Leśna;B;własne;10.0;;;0.0;0.0;0.0;Magazyn Zabrze;;;Roesner Mateusz;2026-08-31 09:35:01;OP-MIGR-00528;;AKTYWNY
2026-08-27;;2026-08-27;Magazyn Zabrze;ZUŻYCIE;PZ/113;TAK;Deklaracja;72.4;MP;0.0;0.0;0.0;Zrębka Produkcyjna Leśna;B;własne;10.0;;;0.0;0.0;0.0;Magazyn Zabrze;;Automatyczne zużycie surowca do produkcji;;2026-08-31 09:35:02;OP-MIGR-00529;;AKTYWNY
2026-08-27;Strzelce Opolskie;2026-08-27;Magazyn Zabrze;ZAKUP;PZ/113;TAK;Deklaracja;72.4;MP;0.0;0.0;0.0;Zrębka Produkcyjna Leśna;B;;0.0;własny (Chrzan);SK 5L809;120.0;5.0;600.0;Magazyn Zabrze;;;Roesner Mateusz;2026-08-31 09:36:02;OP-MIGR-00530;;AKTYWNY
2026-08-27;;2026-08-27;NDL Strzelce Op, Leśnictwo Spórok;ZAKUP;PZ/122    3/202638592/1131;TAK;Deklaracja;14.5;M3;0.0;0.0;0.0;Drewno opałowe z lasu;;;0.0;;;0.0;0.0;0.0;Magazyn Zabrze;;;Roesner Mateusz;2026-09-01 06:22:49;OP-MIGR-00531;;AKTYWNY
2026-08-27;;2026-08-27;Magazyn Zabrze;PRODUKCJA;PZ/122;TAK;Deklaracja;58.0;MP;0.0;0.0;0.0;Zrębka Produkcyjna Leśna;B;własne;10.0;;;0.0;0.0;0.0;Magazyn Zabrze;;;Roesner Mateusz;2026-09-01 06:24:57;OP-MIGR-00532;;AKTYWNY
2026-08-27;;2026-08-27;Magazyn Zabrze;ZUŻYCIE;PZ/122;TAK;Deklaracja;58.0;MP;0.0;0.0;0.0;Zrębka Produkcyjna Leśna;B;własne;10.0;;;0.0;0.0;0.0;Magazyn Zabrze;;Automatyczne zużycie surowca do produkcji;;2026-09-01 06:24:58;OP-MIGR-00533;;AKTYWNY
2026-08-27;Strzelce Opolskie;2026-08-27;Magazyn Zabrze;ZAKUP;PZ/122;TAK;Deklaracja;58.0;MP;0.0;0.0;0.0;Zrębka Produkcyjna Leśna;B;;0.0;Lander Agro;PY 30536;120.0;5.0;600.0;Magazyn Zabrze;;;Roesner Mateusz;2026-09-01 06:26:29;OP-MIGR-00534;;AKTYWNY
2026-08-27;;2026-08-27;NDL Strzelce Op, Leśnictwo Spórok;ZAKUP;PZ/123  3/202638592/1133;TAK;Deklaracja;15.65;M3;0.0;0.0;0.0;Drewno opałowe z lasu;;;0.0;;;0.0;0.0;0.0;Magazyn Zabrze;;;Roesner Mateusz;2026-09-01 06:28:59;OP-MIGR-00535;;AKTYWNY
2026-08-27;;2026-08-27;Magazyn Zabrze;PRODUKCJA;PZ/123;TAK;Deklaracja;62.6;MP;0.0;0.0;0.0;Zrębka Produkcyjna Leśna;B;własne;10.0;;;0.0;0.0;0.0;Magazyn Zabrze;;;Roesner Mateusz;2026-09-01 06:29:43;OP-MIGR-00536;;AKTYWNY
2026-08-27;;2026-08-27;Magazyn Zabrze;ZUŻYCIE;PZ/123;TAK;Deklaracja;62.6;MP;0.0;0.0;0.0;Zrębka Produkcyjna Leśna;B;własne;10.0;;;0.0;0.0;0.0;Magazyn Zabrze;;Automatyczne zużycie surowca do produkcji;;2026-09-01 06:29:43;OP-MIGR-00537;;AKTYWNY
2026-08-27;Strzelce Opolskie;2026-08-27;Magazyn Zabrze;ZAKUP;PZ/123;TAK;Deklaracja;62.6;MP;0.0;0.0;0.0;Zrębka Produkcyjna Leśna;B;;0.0;Lander Agro;PY 30536;120.0;5.0;600.0;Magazyn Zabrze;;;Roesner Mateusz;2026-09-01 06:30:54;OP-MIGR-00538;;AKTYWNY
2026-08-28;;2026-08-28;Walber;ZAKUP;PZ/114;TAK;KZR;92.0;MP;105.0;9660.0;0.0;Zrębka towar;;;0.0;;;0.0;0.0;0.0;Magazyn Zabrze;;;Roesner Mateusz;2026-08-28 09:58:11;OP-MIGR-00550;;AKTYWNY
2026-08-28;;2026-08-28;Walber;ZAKUP;PZ/115;TAK;KZR;92.0;MP;105.0;9660.0;0.0;Zrębka towar;;;0.0;;;0.0;0.0;0.0;Magazyn Zabrze;;;Roesner Mateusz;2026-08-28 09:59:18;OP-MIGR-00551;;AKTYWNY
2026-08-28;;2026-08-28;NDL Strzelce Op, Leśnictwo Spórok;ZAKUP;PZ/116  3/202638592/6107;TAK;Deklaracja;18.3;M3;0.0;0.0;0.0;Drewno opałowe z lasu;;;0.0;;;0.0;0.0;0.0;Magazyn Zabrze;;;Roesner Mateusz;2026-08-31 09:39:42;OP-MIGR-00552;;AKTYWNY
2026-08-28;;2026-08-28;Magazyn Zabrze;PRODUKCJA;PZ/116;TAK;Deklaracja;73.2;MP;0.0;0.0;0.0;Zrębka Produkcyjna Leśna;B;własne;10.0;;;0.0;0.0;0.0;Magazyn Zabrze;;;Roesner Mateusz;2026-08-31 09:40:51;OP-MIGR-00542;;AKTYWNY
2026-08-28;;2026-08-28;Magazyn Zabrze;ZUŻYCIE;PZ/116;TAK;Deklaracja;73.2;MP;0.0;0.0;0.0;Zrębka Produkcyjna Leśna;B;własne;10.0;;;0.0;0.0;0.0;Magazyn Zabrze;;Automatyczne zużycie surowca do produkcji;;2026-08-31 09:40:51;OP-MIGR-00543;;AKTYWNY
2026-08-28;Strzelce Opolskie;2026-08-28;Magazyn Zabrze;ZAKUP;PZ/116;TAK;Deklaracja;73.2;MP;0.0;0.0;0.0;Zrębka Produkcyjna Leśna;B;;0.0;własny (Wilczak);SK 7J885;120.0;5.0;600.0;Magazyn Zabrze;;;Roesner Mateusz;2026-08-31 09:41:54;OP-MIGR-00539;;AKTYWNY
2026-08-28;;2026-08-28;NDL Strzelce Op, Leśnictwo Spórok;ZAKUP;PZ/117  3/20268592/6108;TAK;Deklaracja;18.0;M3;0.0;0.0;0.0;Drewno opałowe z lasu;;;0.0;;;0.0;0.0;0.0;Magazyn Zabrze;;;Roesner Mateusz;2026-08-31 09:43:46;OP-MIGR-00553;;AKTYWNY
2026-08-28;;2026-08-28;Magazyn Zabrze;PRODUKCJA;PZ/117;TAK;Deklaracja;72.0;MP;0.0;0.0;0.0;Zrębka Produkcyjna Leśna;B;własne;10.0;;;0.0;0.0;0.0;Magazyn Zabrze;;;Roesner Mateusz;2026-08-31 09:44:26;OP-MIGR-00546;;AKTYWNY
2026-08-28;;2026-08-28;Magazyn Zabrze;ZUŻYCIE;PZ/117;TAK;Deklaracja;72.0;MP;0.0;0.0;0.0;Zrębka Produkcyjna Leśna;B;własne;10.0;;;0.0;0.0;0.0;Magazyn Zabrze;;Automatyczne zużycie surowca do produkcji;;2026-08-31 09:44:26;OP-MIGR-00547;;AKTYWNY
2026-08-28;Strzelce Opolskie;2026-08-28;Magazyn Zabrze;ZAKUP;PZ/117;TAK;Deklaracja;72.0;MP;0.0;0.0;0.0;Zrębka Produkcyjna Leśna;B;;0.0;własny (Chrzan);SK 5L809;120.0;5.0;600.0;Magazyn Zabrze;;;Roesner Mateusz;2026-08-31 09:45:18;OP-MIGR-00540;;AKTYWNY
2026-08-28;;2026-08-28;NDL Strzelce Op, Leśnictwo Spórok;ZAKUP;PZ/118  3/202638592/1135;TAK;Deklaracja;3.0;M3;0.0;0.0;0.0;Drewno opałowe z lasu;;;0.0;;;0.0;0.0;0.0;Magazyn Zabrze;;;Roesner Mateusz;2026-08-31 09:46:56;OP-MIGR-00554;;AKTYWNY
2026-08-28;;2026-08-28;Magazyn Zabrze;PRODUKCJA;PZ/118;TAK;Deklaracja;12.0;MP;0.0;0.0;0.0;Zrębka Produkcyjna Leśna;B;własne;10.0;;;0.0;0.0;0.0;Magazyn Zabrze;;;Roesner Mateusz;2026-08-31 09:47:37;OP-MIGR-00548;;AKTYWNY
2026-08-28;;2026-08-28;Magazyn Zabrze;ZUŻYCIE;PZ/118;TAK;Deklaracja;12.0;MP;0.0;0.0;0.0;Zrębka Produkcyjna Leśna;B;własne;10.0;;;0.0;0.0;0.0;Magazyn Zabrze;;Automatyczne zużycie surowca do produkcji;;2026-08-31 09:47:37;OP-MIGR-00549;;AKTYWNY
2026-08-28;Strzelce Opolskie;2026-08-28;Magazyn Zabrze;ZAKUP;PZ/118;TAK;Deklaracja;12.0;MP;0.0;0.0;0.0;Zrębka Produkcyjna Leśna;B;;0.0;własny (Wilczak);SK 7J885;120.0;5.0;600.0;Magazyn Zabrze;;;Roesner Mateusz;2026-08-31 09:48:31;OP-MIGR-00541;;AKTYWNY
2026-08-28;;2026-08-28;Lander Agro;ZAKUP;PZ/44/D;TAK;KZR;28.46;M3;230.0;6545.8;0.0;Drewno opałowe z lasu;;;0.0;;;0.0;0.0;0.0;Magazyn Zabrze;;;Roesner Mateusz;2026-08-31 09:51:32;OP-MIGR-00544;;AKTYWNY
2026-08-28;;2026-08-28;Drew-Lech;ZAKUP;PZ/119;TAK;KZR;27.4;TON;0.0;0.0;0.0;Zrębka towar;;;0.0;;;0.0;0.0;0.0;Magazyn Zabrze;;92 MP;Roesner Mateusz;2026-08-31 12:19:17;OP-MIGR-00545;;AKTYWNY
2026-08-28;Magazyn Zabrze;2026-08-28;Magazyn Zabrze;SPRZEDAŻ;WZ/1/PKS;TAK;KZR;18.4;TON;0.0;0.0;0.0;PKS;;;0.0;;;0.0;0.0;0.0;Re Chorzów;;nr. zamówienia: Z2/26/001120;Roesner Mateusz;2026-09-02 10:53:25;OP-MIGR-00555;;AKTYWNY
2026-08-28;Magazyn Zabrze;2026-08-28;Magazyn Zabrze;SPRZEDAŻ;WZ/2/PKS;TAK;KZR;20.0;TON;0.0;0.0;0.0;PKS;;;0.0;;;0.0;0.0;0.0;Re Chorzów;;nr. zamówienia: Z2/26/001120;Roesner Mateusz;2026-09-02 10:56:21;OP-MIGR-00556;;AKTYWNY
2026-08-31;;2026-08-31;Lander Agro;ZAKUP;PZ/45/D;TAK;KZR;28.57;M3;230.0;6571.1;0.0;Drewno opałowe z lasu;;;0.0;;;0.0;0.0;0.0;Magazyn Zabrze;;;Roesner Mateusz;2026-08-31 10:02:18;OP-MIGR-00557;;AKTYWNY
2026-08-31;;2026-08-31;Lander Agro;ZAKUP;PZ/46/D;TAK;KZR;30.46;M3;230.0;7005.8;0.0;Drewno opałowe z lasu;;;0.0;;;0.0;0.0;0.0;Magazyn Zabrze;;;Roesner Mateusz;2026-08-31 10:04:15;OP-MIGR-00558;;AKTYWNY
2026-08-31;;2026-08-31;Lander Agro;ZAKUP;PZ/47/D;TAK;KZR;22.57;M3;230.0;5191.1;0.0;Drewno opałowe z lasu;;;0.0;;;0.0;0.0;0.0;Magazyn Zabrze;;;Roesner Mateusz;2026-08-31 10:44:02;OP-MIGR-00559;;AKTYWNY
2026-08-31;;2026-08-31;NDL Rudziniec, Leśnictwo Nogowczyce;ZAKUP;PZ/120  7/202640547/6118;TAK;Deklaracja;20.0;M3;0.0;0.0;0.0;Drewno opałowe z lasu;;;0.0;;;0.0;0.0;0.0;Magazyn Zabrze;;;Roesner Mateusz;2026-08-31 12:41:44;OP-MIGR-00565;;AKTYWNY
2026-08-31;;2026-08-31;Magazyn Zabrze;PRODUKCJA;PZ/120;TAK;Deklaracja;80.0;MP;0.0;0.0;0.0;Zrębka Produkcyjna Leśna;B;własne;10.0;;;0.0;0.0;0.0;Magazyn Zabrze;;;Roesner Mateusz;2026-08-31 12:42:34;OP-MIGR-00563;;AKTYWNY
2026-08-31;;2026-08-31;Magazyn Zabrze;ZUŻYCIE;PZ/120;TAK;Deklaracja;80.0;MP;0.0;0.0;0.0;Zrębka Produkcyjna Leśna;B;własne;10.0;;;0.0;0.0;0.0;Magazyn Zabrze;;Automatyczne zużycie surowca do produkcji;;2026-08-31 12:42:35;OP-MIGR-00564;;AKTYWNY
2026-08-31;Rudziniec;2026-08-31;Magazyn Zabrze;ZAKUP;PZ/120;TAK;Deklaracja;80.0;MP;0.0;0.0;0.0;Zrębka Produkcyjna Leśna;B;;0.0;własny (Kretek);SK 7J885;100.0;5.0;500.0;Magazyn Zabrze;;;Roesner Mateusz;2026-08-31 12:43:35;OP-MIGR-00560;;AKTYWNY
2026-08-31;;2026-08-31;Lander Agro;ZAKUP;PZ/48/D;TAK;KZR;22.38;M3;230.0;5147.4;0.0;Drewno opałowe z lasu;;;0.0;;;0.0;0.0;0.0;Magazyn Zabrze;;;Roesner Mateusz;2026-08-31 12:54:27;OP-MIGR-00561;;AKTYWNY
2026-08-31;;2026-08-31;NDL Rudziniec, Leśnictwo Nogowczyce;ZAKUP;PZ/121  7/202640547/6119;TAK;Deklaracja;20.0;M3;0.0;0.0;0.0;Drewno opałowe z lasu;;;0.0;;;0.0;0.0;0.0;Magazyn Zabrze;;;Roesner Mateusz;2026-08-31 13:10:00;OP-MIGR-00568;;AKTYWNY
2026-08-31;;2026-08-31;Magazyn Zabrze;PRODUKCJA;PZ/121;TAK;Deklaracja;80.0;MP;0.0;0.0;0.0;Zrębka Produkcyjna Leśna;B;własne;10.0;;;0.0;0.0;0.0;Magazyn Zabrze;;;Roesner Mateusz;2026-08-31 13:10:41;OP-MIGR-00566;;AKTYWNY
2026-08-31;;2026-08-31;Magazyn Zabrze;ZUŻYCIE;PZ/121;TAK;Deklaracja;80.0;MP;0.0;0.0;0.0;Zrębka Produkcyjna Leśna;B;własne;10.0;;;0.0;0.0;0.0;Magazyn Zabrze;;Automatyczne zużycie surowca do produkcji;;2026-08-31 13:10:41;OP-MIGR-00567;;AKTYWNY
2026-08-31;Rudziniec;2026-08-31;Magazyn Zabrze;ZAKUP;PZ/121;TAK;Deklaracja;80.0;MP;0.0;0.0;0.0;Zrębka Produkcyjna Leśna;B;;0.0;własny (Wilczak);SK 7J884;100.0;5.0;500.0;Magazyn Zabrze;;;Roesner Mateusz;2026-08-31 13:12:00;OP-MIGR-00562;;AKTYWNY
2026-08-31;;2026-08-31;NDL Rudziniec, Leśnictwo Nogowczyce;ZAKUP;PZ/124  7/202640547/6120;TAK;Deklaracja;20.0;M3;0.0;0.0;0.0;Drewno opałowe z lasu;;;0.0;;;0.0;0.0;0.0;Magazyn Zabrze;;;Roesner Mateusz;2026-09-01 06:40:59;OP-MIGR-00569;;AKTYWNY
2026-08-31;;2026-08-31;Magazyn Zabrze;PRODUKCJA;PZ/124;TAK;Deklaracja;80.0;MP;0.0;0.0;0.0;Zrębka Produkcyjna Leśna;B;własne;10.0;;;0.0;0.0;0.0;Magazyn Zabrze;;;Roesner Mateusz;2026-09-01 06:41:40;OP-MIGR-00570;;AKTYWNY
2026-08-31;;2026-08-31;Magazyn Zabrze;ZUŻYCIE;PZ/124;TAK;Deklaracja;80.0;MP;0.0;0.0;0.0;Zrębka Produkcyjna Leśna;B;własne;10.0;;;0.0;0.0;0.0;Magazyn Zabrze;;Automatyczne zużycie surowca do produkcji;;2026-09-01 06:41:41;OP-MIGR-00571;;AKTYWNY
2026-08-31;Rudziniec;2026-08-31;Magazyn Zabrze;ZAKUP;PZ/124;TAK;Deklaracja;80.0;MP;0.0;0.0;0.0;Zrębka Produkcyjna Leśna;B;;0.0;własny (Kretek);SK 7J885;100.0;5.0;500.0;Magazyn Zabrze;;;Roesner Mateusz;2026-09-01 06:42:53;OP-MIGR-00572;;AKTYWNY
2026-08-31;;2026-08-31;NDL Rudziniec, Leśnictwo Nogowczyce;ZAKUP;PZ/125  7/202640547/6121;TAK;Deklaracja;20.0;M3;0.0;0.0;0.0;Drewno opałowe z lasu;;;0.0;;;0.0;0.0;0.0;Magazyn Zabrze;;;Roesner Mateusz;2026-09-01 06:45:16;OP-MIGR-00573;;AKTYWNY
2026-08-31;;2026-08-31;Magazyn Zabrze;PRODUKCJA;PZ/125;TAK;Deklaracja;80.0;MP;0.0;0.0;0.0;Zrębka Produkcyjna Leśna;B;własne;10.0;;;0.0;0.0;0.0;Magazyn Zabrze;;;Roesner Mateusz;2026-09-01 06:45:49;OP-MIGR-00574;;AKTYWNY
2026-08-31;;2026-08-31;Magazyn Zabrze;ZUŻYCIE;PZ/125;TAK;Deklaracja;80.0;MP;0.0;0.0;0.0;Zrębka Produkcyjna Leśna;B;własne;10.0;;;0.0;0.0;0.0;Magazyn Zabrze;;Automatyczne zużycie surowca do produkcji;;2026-09-01 06:45:49;OP-MIGR-00575;;AKTYWNY
2026-08-31;Rudziniec;2026-08-31;Magazyn Zabrze;ZAKUP;PZ/125;TAK;Deklaracja;80.0;MP;0.0;0.0;0.0;Zrębka Produkcyjna Leśna;B;;0.0;własny (Wilczak);SK 7J884;120.0;4.17;500.0;Magazyn Zabrze;;;Roesner Mateusz;2026-09-01 06:46:41;OP-MIGR-00576;;AKTYWNY
2026-08-31;Magazyn Brąszewice;2026-08-31;Magazyn Brąszewice;MM;MM-78;TAK;;85.0;MP;0.0;0.0;0.0;Zrębka Produkcyjna Drzewna;;;0.0;własny (Łukasz Wojciechowski);SK 4K625;800.0;0.2;160.0;Magazyn Zabrze;Magazyn Brąszewice;;Roesner Mateusz;2026-09-01 09:20:48;OP-MIGR-00577;;AKTYWNY
